sender_id,receiver_id,amount,timestamp
CUST0163,CUST0028,598.93,2023-01-13
CUST0189,CUST0070,384.04,2023-05-06
CUST0057,CUST0035,185.19,2023-02-22
CUST0173,CUST0189,840.45,2023-10-07
CUST0022,CUST0151,577.16,2023-08-05
CUST0008,CUST0007,88.74,2023-02-17
CUST0055,CUST0059,1209.15,2023-09-16
CUST0154,CUST0006,864.5,2023-10-15
CUST0050,CUST0183,1495.87,2023-11-29
CUST0179,CUST0139,646.8,2023-08-03
CUST0056,CUST0114,475.2,2023-10-29
CUST0071,CUST0001,270.85,2023-03-23
CUST0178,CUST0108,1349.51,2023-06-24
CUST0071,CUST0039,1005.2,2023-04-21
CUST0195,CUST0086,23.14,2023-02-22
CUST0023,CUST0097,13.36,2023-02-19
CUST0091,CUST0088,236.17,2023-11-06
CUST0067,CUST0011,831.82,2023-08-24
CUST0137,CUST0031,2182.14,2023-07-13
CUST0020,CUST0141,81.5,2023-05-31
CUST0160,CUST0158,450.86,2023-07-05
CUST0147,CUST0049,239.74,2023-12-27
CUST0017,CUST0011,1751.85,2023-12-05
CUST0058,CUST0197,922.96,2023-05-29
CUST0020,CUST0059,911.1,2023-02-21
CUST0097,CUST0071,316.21,2023-08-21
CUST0162,CUST0093,267.92,2023-03-25
CUST0094,CUST0090,159.69,2023-04-18
CUST0171,CUST0068,29.01,2023-12-26
CUST0174,CUST0165,1000.21,2023-02-06
CUST0155,CUST0162,838.06,2023-03-29
CUST0136,CUST0186,4086.22,2023-05-06
CUST0041,CUST0118,2847.44,2023-07-14
CUST0069,CUST0163,405.33,2023-12-19
CUST0142,CUST0056,732.64,2023-12-17
CUST0083,CUST0196,1448.09,2023-01-29
CUST0058,CUST0008,947.39,2023-06-11
CUST0102,CUST0068,142.08,2023-02-03
CUST0054,CUST0145,299.41,2023-06-11
CUST0054,CUST0167,69.15,2023-09-13
CUST0101,CUST0164,1540.11,2023-08-23
CUST0036,CUST0067,465.92,2023-03-13
CUST0063,CUST0190,129.8,2023-10-15
CUST0137,CUST0067,556.91,2023-10-27
CUST0109,CUST0149,481.34,2023-07-24
CUST0092,CUST0056,221.71,2023-03-12
CUST0130,CUST0126,60.27,2023-02-16
CUST0193,CUST0012,556.72,2023-02-26
CUST0039,CUST0160,367.31,2023-03-23
CUST0174,CUST0108,739.9,2023-11-02
CUST0016,CUST0098,367.15,2023-07-15
CUST0152,CUST0119,955.89,2023-09-28
CUST0064,CUST0141,401.38,2023-01-06
CUST0174,CUST0184,411.56,2023-02-28
CUST0174,CUST0137,1046.38,2023-05-17
CUST0196,CUST0164,258.32,2023-06-24
CUST0028,CUST0075,71.94,2023-08-11
CUST0040,CUST0116,14.6,2023-01-02
CUST0184,CUST0067,703.53,2023-09-14
CUST0195,CUST0045,484.2,2023-09-17
CUST0027,CUST0160,608.83,2023-06-02
CUST0163,CUST0129,119.74,2023-11-08
CUST0050,CUST0039,73.31,2023-07-11
CUST0195,CUST0041,7.33,2023-10-04
CUST0199,CUST0135,215.84,2023-01-01
CUST0153,CUST0082,445.7,2023-09-08
CUST0004,CUST0028,248.99,2023-07-05
CUST0078,CUST0061,287.66,2023-01-30
CUST0061,CUST0145,1172.53,2023-02-10
CUST0021,CUST0187,214.05,2023-09-06
CUST0017,CUST0194,360.76,2023-09-30
CUST0196,CUST0032,765.44,2023-03-07
CUST0168,CUST0121,252.54,2023-10-09
CUST0042,CUST0067,486.55,2023-09-28
CUST0155,CUST0108,991.57,2023-04-19
CUST0138,CUST0193,1493.1,2023-12-20
CUST0051,CUST0182,79.54,2023-06-09
CUST0102,CUST0171,1305.83,2023-11-29
CUST0095,CUST0112,338.75,2023-09-22
CUST0115,CUST0030,149.37,2023-05-07
CUST0057,CUST0016,307.29,2023-06-23
CUST0005,CUST0150,1956.83,2023-10-11
CUST0058,CUST0150,339.25,2023-04-23
CUST0001,CUST0018,199.31,2023-12-29
CUST0161,CUST0015,501.74,2023-04-28
CUST0017,CUST0008,137.31,2023-06-19
CUST0018,CUST0131,39.45,2023-05-02
CUST0071,CUST0171,68.99,2023-09-06
CUST0054,CUST0138,68.51,2023-03-09
CUST0185,CUST0146,82.38,2023-10-23
CUST0121,CUST0062,74.73,2023-08-31
CUST0104,CUST0048,512.04,2023-02-18
CUST0024,CUST0168,100.37,2023-08-09
CUST0090,CUST0108,212.07,2023-07-30
CUST0119,CUST0186,1135.49,2023-01-28
CUST0172,CUST0167,321.19,2023-11-27
CUST0025,CUST0015,550.64,2023-07-26
CUST0186,CUST0086,94.56,2023-02-25
CUST0063,CUST0049,106.78,2023-04-08
CUST0137,CUST0114,20.86,2023-03-13
CUST0108,CUST0046,92.52,2023-05-23
CUST0118,CUST0063,163.27,2023-02-08
CUST0113,CUST0140,97.41,2023-02-20
CUST0012,CUST0166,46.44,2023-10-04
CUST0003,CUST0023,64.28,2023-05-02
CUST0042,CUST0104,308.81,2023-09-06
CUST0123,CUST0054,115.55,2023-07-25
CUST0015,CUST0042,226.49,2023-07-14
CUST0000,CUST0099,350.0,2023-05-16
CUST0116,CUST0073,586.23,2023-08-05
CUST0178,CUST0187,20.05,2023-10-12
CUST0169,CUST0183,803.25,2023-09-07
CUST0039,CUST0048,494.3,2023-06-01
CUST0055,CUST0014,42.65,2023-10-24
CUST0188,CUST0138,1034.07,2023-02-01
CUST0191,CUST0080,1268.35,2023-01-30
CUST0012,CUST0149,31.51,2023-09-02
CUST0128,CUST0135,162.09,2023-03-22
CUST0014,CUST0130,820.47,2023-02-11
CUST0047,CUST0017,689.68,2023-11-01
CUST0017,CUST0172,101.99,2023-05-01
CUST0103,CUST0030,117.45,2023-10-19
CUST0063,CUST0148,231.39,2023-11-01
CUST0010,CUST0158,331.33,2023-02-11
CUST0107,CUST0168,481.5,2023-10-26
CUST0144,CUST0133,230.16,2023-06-11
CUST0066,CUST0052,310.45,2023-12-09
CUST0183,CUST0080,688.11,2023-05-03
CUST0067,CUST0101,18.69,2023-03-09
CUST0171,CUST0165,145.47,2023-06-03
CUST0117,CUST0080,624.75,2023-02-07
CUST0002,CUST0117,1127.88,2023-11-15
CUST0144,CUST0025,358.39,2023-02-07
CUST0137,CUST0054,379.76,2023-09-17
CUST0067,CUST0033,56.68,2023-06-28
CUST0017,CUST0062,296.57,2023-07-09
CUST0072,CUST0040,380.3,2023-08-13
CUST0139,CUST0180,138.85,2023-06-04
CUST0156,CUST0167,156.84,2023-09-28
CUST0002,CUST0170,236.83,2023-10-11
CUST0076,CUST0169,10.14,2023-02-23
CUST0034,CUST0067,194.36,2023-03-01
CUST0027,CUST0190,118.78,2023-10-11
CUST0039,CUST0069,198.37,2023-05-25
CUST0154,CUST0053,63.78,2023-06-25
CUST0052,CUST0175,1106.04,2023-11-21
CUST0067,CUST0129,450.2,2023-09-08
CUST0064,CUST0013,568.32,2023-02-17
CUST0162,CUST0108,778.35,2023-05-22
CUST0011,CUST0000,345.02,2023-06-20
CUST0197,CUST0033,45.47,2023-11-23
CUST0067,CUST0041,385.13,2023-08-15
CUST0141,CUST0180,441.96,2023-08-07
CUST0143,CUST0002,684.11,2023-02-27
CUST0019,CUST0176,282.52,2023-03-18
CUST0139,CUST0009,68.24,2023-07-09
CUST0149,CUST0141,166.88,2023-03-17
CUST0110,CUST0032,225.56,2023-01-22
CUST0078,CUST0093,519.11,2023-01-21
CUST0091,CUST0053,422.89,2023-12-16
CUST0063,CUST0170,220.1,2023-02-22
CUST0090,CUST0199,2153.1,2023-10-14
CUST0104,CUST0158,465.42,2023-03-21
CUST0060,CUST0041,135.4,2023-04-01
CUST0105,CUST0006,53.67,2023-04-02
CUST0188,CUST0085,82.94,2023-07-30
CUST0171,CUST0188,141.15,2023-05-08
CUST0068,CUST0040,87.58,2023-12-26
CUST0027,CUST0097,103.25,2023-01-20
CUST0120,CUST0056,167.8,2023-04-13
CUST0117,CUST0089,95.2,2023-06-06
CUST0058,CUST0057,1135.38,2023-01-13
CUST0168,CUST0049,41.82,2023-07-24
CUST0084,CUST0071,371.71,2023-02-05
CUST0197,CUST0071,264.15,2023-06-29
CUST0164,CUST0130,2019.32,2023-07-24
CUST0173,CUST0137,59.41,2023-06-19
CUST0007,CUST0029,253.63,2023-05-14
CUST0045,CUST0148,1744.53,2023-05-16
CUST0009,CUST0027,1003.12,2023-11-02
CUST0111,CUST0088,849.33,2023-06-10
CUST0111,CUST0155,149.14,2023-09-19
CUST0029,CUST0098,93.7,2023-10-23
CUST0048,CUST0065,552.28,2023-01-23
CUST0181,CUST0111,1325.19,2023-01-01
CUST0133,CUST0137,406.83,2023-12-18
CUST0184,CUST0189,423.86,2023-12-10
CUST0050,CUST0093,164.24,2023-08-09
CUST0017,CUST0170,733.74,2023-06-19
CUST0159,CUST0080,103.54,2023-12-06
CUST0031,CUST0184,195.54,2023-06-03
CUST0129,CUST0079,277.07,2023-12-08
CUST0104,CUST0083,354.24,2023-07-26
CUST0178,CUST0075,138.81,2023-10-11
CUST0032,CUST0049,60.99,2023-08-04
CUST0170,CUST0097,471.6,2023-12-13
CUST0191,CUST0044,170.28,2023-11-12
CUST0145,CUST0077,435.23,2023-07-27
CUST0140,CUST0000,83.83,2023-06-05
CUST0073,CUST0053,328.06,2023-08-09
CUST0148,CUST0155,380.27,2023-12-02
CUST0082,CUST0119,26.61,2023-08-15
CUST0113,CUST0172,205.19,2023-04-20
CUST0130,CUST0121,72.17,2023-03-28
CUST0168,CUST0021,32.74,2023-05-26
CUST0131,CUST0169,2300.6,2023-11-21
CUST0158,CUST0085,194.57,2023-02-17
CUST0192,CUST0060,830.04,2023-12-11
CUST0079,CUST0057,146.94,2023-04-12
CUST0037,CUST0006,572.07,2023-01-24
CUST0062,CUST0121,714.03,2023-11-09
CUST0196,CUST0018,452.72,2023-08-22
CUST0106,CUST0161,318.93,2023-10-22
CUST0049,CUST0183,265.38,2023-12-23
CUST0098,CUST0126,214.52,2023-07-24
CUST0062,CUST0037,1326.28,2023-12-02
CUST0176,CUST0001,887.8,2023-02-24
CUST0199,CUST0108,1676.59,2023-04-23
CUST0045,CUST0178,66.36,2023-09-23
CUST0118,CUST0012,656.28,2023-10-13
CUST0063,CUST0031,1393.06,2023-08-22
CUST0034,CUST0118,99.98,2023-12-08
CUST0135,CUST0143,34.41,2023-11-01
CUST0081,CUST0193,675.7,2023-08-15
CUST0156,CUST0184,427.21,2023-09-16
CUST0109,CUST0140,922.04,2023-08-17
CUST0040,CUST0190,75.28,2023-09-01
CUST0115,CUST0066,793.03,2023-05-07
CUST0163,CUST0070,112.59,2023-09-24
CUST0124,CUST0160,89.36,2023-05-03
CUST0070,CUST0112,89.72,2023-02-09
CUST0182,CUST0073,842.55,2023-05-01
CUST0069,CUST0085,547.11,2023-06-13
CUST0138,CUST0020,370.19,2023-03-12
CUST0038,CUST0059,222.23,2023-07-16
CUST0177,CUST0039,1048.6,2023-12-28
CUST0054,CUST0016,249.16,2023-08-01
CUST0104,CUST0084,848.04,2023-10-05
CUST0119,CUST0106,289.14,2023-02-01
CUST0052,CUST0107,236.56,2023-07-19
CUST0197,CUST0149,310.58,2023-12-23
CUST0005,CUST0195,179.32,2023-10-22
CUST0097,CUST0122,688.39,2023-01-04
CUST0090,CUST0076,349.3,2023-07-19
CUST0107,CUST0137,132.12,2023-10-07
CUST0154,CUST0056,1149.17,2023-09-07
CUST0056,CUST0069,242.17,2023-08-12
CUST0124,CUST0007,392.14,2023-07-19
CUST0086,CUST0171,1184.75,2023-12-14
CUST0103,CUST0185,489.4,2023-03-26
CUST0119,CUST0032,62.16,2023-11-15
CUST0136,CUST0006,1405.31,2023-07-21
CUST0151,CUST0144,494.04,2023-12-06
CUST0006,CUST0021,203.91,2023-11-26
CUST0109,CUST0034,74.99,2023-08-25
CUST0046,CUST0012,790.0,2023-05-14
CUST0097,CUST0083,483.89,2023-04-19
CUST0116,CUST0083,381.21,2023-06-22
CUST0194,CUST0097,1121.65,2023-05-23
CUST0192,CUST0107,777.0,2023-05-10
CUST0020,CUST0120,82.25,2023-01-10
CUST0191,CUST0138,186.78,2023-01-27
CUST0089,CUST0057,142.83,2023-11-29
CUST0017,CUST0199,681.18,2023-11-30
CUST0010,CUST0193,17.05,2023-01-16
CUST0063,CUST0051,421.86,2023-01-11
CUST0159,CUST0039,718.71,2023-05-03
CUST0032,CUST0121,1046.83,2023-12-09
CUST0029,CUST0144,209.34,2023-04-22
CUST0119,CUST0179,860.9,2023-05-12
CUST0196,CUST0094,58.62,2023-03-27
CUST0155,CUST0191,936.87,2023-02-28
CUST0199,CUST0041,68.19,2023-06-09
CUST0027,CUST0148,253.16,2023-01-14
CUST0079,CUST0147,798.0,2023-12-13
CUST0096,CUST0101,81.21,2023-04-12
CUST0019,CUST0151,130.2,2023-12-20
CUST0160,CUST0062,640.52,2023-02-22
CUST0178,CUST0197,636.55,2023-06-04
CUST0175,CUST0153,512.42,2023-03-03
CUST0144,CUST0010,592.0,2023-06-27
CUST0136,CUST0109,391.23,2023-12-05
CUST0094,CUST0017,145.04,2023-09-17
CUST0165,CUST0087,212.09,2023-01-07
CUST0107,CUST0125,100.2,2023-02-24
CUST0110,CUST0092,1195.44,2023-11-22
CUST0117,CUST0181,437.8,2023-03-20
CUST0111,CUST0045,256.12,2023-09-25
CUST0166,CUST0069,309.95,2023-11-12
CUST0137,CUST0198,1471.41,2023-09-05
CUST0119,CUST0111,83.23,2023-10-31
CUST0068,CUST0082,441.22,2023-05-06
CUST0022,CUST0071,352.5,2023-08-19
CUST0062,CUST0192,472.67,2023-08-26
CUST0145,CUST0156,9.14,2023-12-09
CUST0097,CUST0086,1028.35,2023-01-15
CUST0126,CUST0083,1344.99,2023-04-04
CUST0124,CUST0054,416.36,2023-07-01
CUST0066,CUST0087,596.44,2023-05-24
CUST0152,CUST0179,1278.73,2023-05-22
CUST0142,CUST0002,614.2,2023-09-22
CUST0048,CUST0021,82.76,2023-05-04
CUST0184,CUST0104,429.35,2023-09-08
CUST0142,CUST0194,466.61,2023-05-04
CUST0176,CUST0121,275.94,2023-11-27
CUST0182,CUST0125,666.75,2023-08-18
CUST0004,CUST0023,1361.84,2023-05-31
CUST0056,CUST0103,1298.94,2023-12-21
CUST0062,CUST0078,299.68,2023-12-06
CUST0148,CUST0094,60.09,2023-08-31
CUST0141,CUST0135,2094.59,2023-06-26
CUST0108,CUST0190,912.86,2023-10-09
CUST0084,CUST0090,66.57,2023-12-26
CUST0116,CUST0069,1268.15,2023-06-06
CUST0064,CUST0059,1019.71,2023-03-03
CUST0184,CUST0049,365.78,2023-06-11
CUST0030,CUST0190,447.36,2023-10-02
CUST0195,CUST0176,254.58,2023-04-05
CUST0049,CUST0055,28.16,2023-09-05
CUST0070,CUST0185,204.13,2023-10-29
CUST0194,CUST0134,811.9,2023-11-02
CUST0072,CUST0025,2.32,2023-04-10
CUST0075,CUST0058,202.86,2023-07-04
CUST0045,CUST0077,253.89,2023-01-08
CUST0181,CUST0136,385.44,2023-03-06
CUST0070,CUST0011,1261.96,2023-01-28
CUST0141,CUST0074,212.59,2023-12-24
CUST0032,CUST0163,213.05,2023-09-09
CUST0026,CUST0003,668.75,2023-10-21
CUST0072,CUST0120,300.94,2023-09-03
CUST0112,CUST0087,127.19,2023-04-05
CUST0013,CUST0064,301.14,2023-09-02
CUST0029,CUST0016,75.91,2023-07-25
CUST0125,CUST0018,97.03,2023-10-23
CUST0161,CUST0175,344.94,2023-01-28
CUST0038,CUST0144,271.44,2023-06-05
CUST0021,CUST0063,1231.65,2023-03-02
CUST0142,CUST0195,225.02,2023-08-02
CUST0155,CUST0152,434.45,2023-11-13
CUST0057,CUST0198,500.2,2023-09-25
CUST0097,CUST0115,6.59,2023-08-15
CUST0076,CUST0150,544.63,2023-08-08
CUST0078,CUST0145,98.03,2023-11-14
CUST0015,CUST0156,1623.0,2023-02-20
CUST0195,CUST0053,80.47,2023-11-17
CUST0054,CUST0067,267.75,2023-12-05
CUST0020,CUST0040,44.61,2023-05-03
CUST0044,CUST0141,2884.04,2023-02-08
CUST0040,CUST0000,348.77,2023-07-29
CUST0115,CUST0176,452.41,2023-11-01
CUST0120,CUST0074,34.72,2023-01-17
CUST0059,CUST0073,693.07,2023-12-28
CUST0072,CUST0179,117.8,2023-08-21
CUST0018,CUST0175,1141.66,2023-04-30
CUST0067,CUST0160,114.79,2023-10-29
CUST0169,CUST0050,105.79,2023-08-06
CUST0029,CUST0139,18.62,2023-04-26
CUST0165,CUST0038,319.39,2023-05-17
CUST0036,CUST0018,416.02,2023-01-31
CUST0042,CUST0078,33.98,2023-11-01
CUST0191,CUST0145,747.0,2023-05-28
CUST0112,CUST0031,301.92,2023-08-28
CUST0176,CUST0077,371.58,2023-12-25
CUST0103,CUST0069,290.59,2023-09-14
CUST0138,CUST0126,256.05,2023-08-13
CUST0020,CUST0153,410.08,2023-01-21
CUST0110,CUST0188,84.35,2023-06-15
CUST0154,CUST0064,100.4,2023-01-14
CUST0023,CUST0058,989.47,2023-12-12
CUST0147,CUST0150,1460.46,2023-01-11
CUST0195,CUST0172,233.65,2023-05-18
CUST0147,CUST0010,157.87,2023-03-31
CUST0120,CUST0132,516.41,2023-11-30
CUST0113,CUST0071,262.74,2023-04-03
CUST0149,CUST0111,12.86,2023-11-22
CUST0125,CUST0023,84.89,2023-08-29
CUST0089,CUST0104,629.34,2023-06-20
CUST0082,CUST0171,537.82,2023-02-23
CUST0041,CUST0084,13.73,2023-07-30
CUST0177,CUST0126,125.5,2023-05-28
CUST0169,CUST0102,131.38,2023-10-09
CUST0009,CUST0116,557.21,2023-02-15
CUST0080,CUST0064,9.95,2023-06-15
CUST0029,CUST0197,54.97,2023-07-26
CUST0131,CUST0000,804.51,2023-12-03
CUST0138,CUST0118,98.34,2023-07-31
CUST0013,CUST0048,528.85,2023-09-23
CUST0092,CUST0159,136.02,2023-09-13
CUST0160,CUST0113,52.37,2023-01-27
CUST0052,CUST0068,139.31,2023-10-09
CUST0033,CUST0073,640.55,2023-08-13
CUST0178,CUST0124,967.92,2023-03-04
CUST0007,CUST0161,886.63,2023-11-08
CUST0061,CUST0181,253.07,2023-03-23
CUST0079,CUST0141,551.44,2023-01-08
CUST0141,CUST0104,114.7,2023-02-17
CUST0057,CUST0029,173.47,2023-08-25
CUST0030,CUST0165,1133.3,2023-03-20
CUST0127,CUST0183,6.54,2023-05-30
CUST0130,CUST0180,44.69,2023-05-20
CUST0106,CUST0123,116.53,2023-08-30
CUST0062,CUST0116,13.45,2023-10-10
CUST0037,CUST0098,100.1,2023-04-08
CUST0153,CUST0130,437.38,2023-03-11
CUST0017,CUST0070,273.59,2023-08-01
CUST0087,CUST0129,1115.93,2023-05-17
CUST0000,CUST0072,850.35,2023-06-02
CUST0150,CUST0148,209.14,2023-12-04
CUST0125,CUST0038,150.16,2023-08-17
CUST0137,CUST0123,238.77,2023-06-26
CUST0085,CUST0141,446.16,2023-10-06
CUST0096,CUST0116,156.03,2023-06-14
CUST0048,CUST0178,489.28,2023-05-03
CUST0146,CUST0098,263.32,2023-04-30
CUST0198,CUST0105,401.53,2023-01-23
CUST0081,CUST0190,286.46,2023-08-31
CUST0180,CUST0097,174.4,2023-07-17
CUST0169,CUST0166,1482.63,2023-03-19
CUST0126,CUST0009,721.13,2023-03-06
CUST0128,CUST0151,75.48,2023-06-19
CUST0025,CUST0112,1014.25,2023-02-21
CUST0134,CUST0116,334.16,2023-01-08
CUST0184,CUST0036,1124.77,2023-07-29
CUST0167,CUST0039,804.36,2023-02-08
CUST0120,CUST0067,276.88,2023-06-23
CUST0159,CUST0177,11.36,2023-07-23
CUST0166,CUST0020,156.45,2023-06-18
CUST0172,CUST0136,390.04,2023-07-14
CUST0081,CUST0160,501.85,2023-09-07
CUST0138,CUST0009,149.13,2023-11-13
CUST0017,CUST0060,75.04,2023-11-20
CUST0175,CUST0073,900.69,2023-04-27
CUST0191,CUST0023,2080.31,2023-08-11
CUST0025,CUST0194,372.95,2023-11-21
CUST0180,CUST0025,94.18,2023-08-16
CUST0042,CUST0177,158.94,2023-06-03
CUST0007,CUST0011,9.28,2023-06-16
CUST0014,CUST0075,1228.44,2023-07-03
CUST0095,CUST0110,62.64,2023-03-16
CUST0062,CUST0135,429.62,2023-07-30
CUST0144,CUST0174,160.14,2023-04-03
CUST0043,CUST0044,403.92,2023-02-10
CUST0156,CUST0097,526.94,2023-11-14
CUST0174,CUST0061,885.22,2023-09-12
CUST0149,CUST0036,115.6,2023-04-29
CUST0118,CUST0163,5.53,2023-05-11
CUST0117,CUST0065,73.6,2023-12-08
CUST0002,CUST0119,1151.39,2023-05-28
CUST0173,CUST0139,1035.3,2023-03-22
CUST0018,CUST0113,454.92,2023-06-26
CUST0150,CUST0076,458.79,2023-11-24
CUST0108,CUST0176,546.87,2023-05-09
CUST0116,CUST0077,96.41,2023-04-12
CUST0098,CUST0123,1229.1,2023-02-24
CUST0060,CUST0097,271.3,2023-10-20
CUST0091,CUST0147,241.56,2023-06-01
CUST0179,CUST0075,365.86,2023-01-12
CUST0168,CUST0101,24.05,2023-05-21
CUST0002,CUST0144,90.93,2023-12-18
CUST0199,CUST0190,669.77,2023-01-26
CUST0155,CUST0190,43.21,2023-09-12
CUST0073,CUST0198,462.1,2023-04-28
CUST0155,CUST0090,140.75,2023-04-23
CUST0162,CUST0048,246.57,2023-11-14
CUST0064,CUST0173,170.33,2023-12-04
CUST0174,CUST0035,219.77,2023-11-18
CUST0024,CUST0160,634.78,2023-11-27
CUST0010,CUST0079,176.29,2023-08-14
CUST0008,CUST0148,417.82,2023-07-06
CUST0187,CUST0033,323.18,2023-02-16
CUST0075,CUST0083,544.83,2023-08-01
CUST0044,CUST0051,1380.96,2023-03-09
CUST0138,CUST0093,659.45,2023-09-29
CUST0128,CUST0069,121.0,2023-03-26
CUST0065,CUST0123,15.84,2023-06-01
CUST0191,CUST0086,152.08,2023-02-28
CUST0119,CUST0019,452.03,2023-03-14
CUST0193,CUST0057,26.4,2023-12-13
CUST0185,CUST0172,342.95,2023-07-23
CUST0142,CUST0093,454.21,2023-02-16
CUST0101,CUST0003,203.42,2023-05-16
CUST0137,CUST0031,736.82,2023-08-21
CUST0094,CUST0172,56.36,2023-12-11
CUST0067,CUST0149,39.06,2023-07-15
CUST0163,CUST0095,651.32,2023-02-25
CUST0172,CUST0059,342.09,2023-08-30
CUST0006,CUST0158,583.02,2023-10-15
CUST0083,CUST0156,285.31,2023-04-24
CUST0165,CUST0016,141.45,2023-11-22
CUST0118,CUST0179,854.91,2023-06-04
CUST0166,CUST0104,803.26,2023-03-01
CUST0035,CUST0011,593.22,2023-01-20
CUST0077,CUST0126,158.83,2023-03-01
CUST0024,CUST0060,446.08,2023-10-03
CUST0034,CUST0099,223.9,2023-08-21
CUST0094,CUST0171,48.03,2023-12-23
CUST0138,CUST0107,1246.35,2023-10-28
CUST0190,CUST0186,73.57,2023-03-21
CUST0106,CUST0167,1500.25,2023-02-20
CUST0125,CUST0157,295.3,2023-07-28
CUST0071,CUST0008,102.37,2023-12-20
CUST0094,CUST0055,390.33,2023-08-16
CUST0113,CUST0060,1031.57,2023-07-05
CUST0025,CUST0175,658.8,2023-07-08
CUST0139,CUST0165,821.4,2023-07-03
CUST0015,CUST0101,537.62,2023-05-22
CUST0048,CUST0031,589.28,2023-08-21
CUST0023,CUST0169,945.89,2023-04-19
CUST0164,CUST0163,143.62,2023-11-02
CUST0005,CUST0012,336.11,2023-06-20
CUST0062,CUST0032,125.01,2023-10-17
CUST0052,CUST0017,2197.78,2023-10-11
CUST0053,CUST0150,1441.73,2023-04-21
CUST0059,CUST0084,20.11,2023-03-17
CUST0152,CUST0000,611.37,2023-05-22
CUST0037,CUST0033,1296.79,2023-10-04
CUST0064,CUST0044,99.58,2023-02-26
CUST0169,CUST0006,419.6,2023-03-09
CUST0003,CUST0091,1235.43,2023-05-02
CUST0150,CUST0082,17.27,2023-01-09
CUST0044,CUST0067,597.71,2023-01-27
CUST0032,CUST0189,176.45,2023-08-04
CUST0134,CUST0029,1291.12,2023-02-02
CUST0121,CUST0114,1771.23,2023-07-05
CUST0131,CUST0151,1443.59,2023-02-25
CUST0115,CUST0128,321.43,2023-04-24
CUST0157,CUST0011,990.41,2023-12-04
CUST0133,CUST0077,930.71,2023-08-23
CUST0164,CUST0007,192.17,2023-02-01
CUST0122,CUST0102,882.8,2023-08-07
CUST0175,CUST0027,18.85,2023-09-09
CUST0182,CUST0113,453.5,2023-02-07
CUST0020,CUST0082,130.69,2023-11-08
CUST0037,CUST0016,64.24,2023-03-06
CUST0070,CUST0159,40.04,2023-11-21
CUST0149,CUST0140,595.84,2023-12-31
CUST0083,CUST0097,207.66,2023-11-02
CUST0135,CUST0075,645.07,2023-08-21
CUST0129,CUST0154,33.79,2023-08-09
CUST0025,CUST0179,189.38,2023-02-28
CUST0167,CUST0166,387.71,2023-10-10
CUST0184,CUST0055,782.05,2023-08-09
CUST0115,CUST0058,191.91,2023-07-31
CUST0086,CUST0116,491.6,2023-07-24
CUST0106,CUST0186,1085.68,2023-02-18
CUST0080,CUST0109,478.38,2023-06-10
CUST0170,CUST0065,132.61,2023-07-11
CUST0039,CUST0175,12.35,2023-08-31
CUST0017,CUST0023,1020.49,2023-02-13
CUST0023,CUST0110,10.75,2023-02-19
CUST0190,CUST0189,1038.53,2023-07-10
CUST0033,CUST0142,376.38,2023-01-31
CUST0150,CUST0143,1399.0,2023-10-15
CUST0084,CUST0171,801.69,2023-03-04
CUST0105,CUST0090,3091.1,2023-12-07
CUST0192,CUST0108,215.94,2023-01-27
CUST0073,CUST0153,728.76,2023-06-09
CUST0090,CUST0026,257.02,2023-10-23
CUST0129,CUST0054,326.84,2023-03-21
CUST0168,CUST0123,493.77,2023-04-25
CUST0027,CUST0089,1034.46,2023-10-12
CUST0094,CUST0029,2070.2,2023-05-23
CUST0146,CUST0057,731.1,2023-08-08
CUST0143,CUST0196,270.44,2023-11-15
CUST0157,CUST0172,273.53,2023-11-26
CUST0142,CUST0006,668.91,2023-11-08
CUST0168,CUST0177,136.41,2023-05-17
CUST0007,CUST0046,58.53,2023-05-20
CUST0179,CUST0195,218.96,2023-06-08
CUST0086,CUST0089,169.3,2023-01-04
CUST0046,CUST0036,175.71,2023-10-17
CUST0168,CUST0102,133.03,2023-02-05
CUST0036,CUST0189,21.5,2023-11-21
CUST0007,CUST0023,9.02,2023-09-29
CUST0055,CUST0096,2199.99,2023-08-03
CUST0116,CUST0087,279.11,2023-03-22
CUST0094,CUST0079,242.52,2023-06-16
CUST0198,CUST0145,569.17,2023-11-02
CUST0021,CUST0013,123.11,2023-03-21
CUST0040,CUST0193,1497.48,2023-11-13
CUST0012,CUST0172,771.7,2023-02-11
CUST0069,CUST0113,46.83,2023-12-05
CUST0108,CUST0124,270.28,2023-11-07
CUST0113,CUST0106,1056.47,2023-05-20
CUST0055,CUST0193,1447.78,2023-09-20
CUST0029,CUST0088,314.99,2023-08-09
CUST0028,CUST0072,475.2,2023-12-14
CUST0173,CUST0151,91.38,2023-09-07
CUST0134,CUST0170,2364.72,2023-06-07
CUST0011,CUST0056,131.77,2023-07-22
CUST0153,CUST0014,1430.0,2023-01-04
CUST0052,CUST0077,524.41,2023-04-19
CUST0196,CUST0035,467.91,2023-05-11
CUST0074,CUST0083,359.43,2023-03-03
CUST0001,CUST0127,131.12,2023-08-09
CUST0044,CUST0033,97.11,2023-07-14
CUST0136,CUST0180,124.54,2023-04-28
CUST0128,CUST0143,103.17,2023-12-09
CUST0090,CUST0018,756.12,2023-07-23
CUST0189,CUST0010,215.49,2023-08-12
CUST0004,CUST0117,29.79,2023-02-09
CUST0080,CUST0147,1738.54,2023-08-08
CUST0146,CUST0103,1076.16,2023-12-30
CUST0163,CUST0106,1313.83,2023-05-29
CUST0029,CUST0103,2640.02,2023-01-11
CUST0083,CUST0043,95.52,2023-11-13
CUST0117,CUST0176,252.29,2023-07-05
CUST0022,CUST0111,709.9,2023-02-24
CUST0062,CUST0111,595.4,2023-10-29
CUST0102,CUST0134,83.56,2023-02-10
CUST0101,CUST0079,845.96,2023-06-23
CUST0056,CUST0085,127.09,2023-03-28
CUST0019,CUST0130,126.68,2023-11-21
CUST0029,CUST0135,384.99,2023-09-19
CUST0049,CUST0198,449.4,2023-06-28
CUST0089,CUST0186,433.85,2023-11-27
CUST0037,CUST0060,47.97,2023-02-22
CUST0037,CUST0065,1049.66,2023-04-12
CUST0044,CUST0154,154.35,2023-03-20
CUST0194,CUST0167,69.35,2023-02-08
CUST0045,CUST0197,1097.98,2023-11-18
CUST0126,CUST0118,1557.84,2023-10-16
CUST0194,CUST0148,990.71,2023-08-18
CUST0174,CUST0144,829.09,2023-11-26
CUST0162,CUST0159,532.46,2023-06-15
CUST0160,CUST0080,400.21,2023-03-19
CUST0112,CUST0017,45.5,2023-08-29
CUST0113,CUST0161,262.51,2023-06-05
CUST0070,CUST0151,233.16,2023-01-29
CUST0090,CUST0129,150.39,2023-02-07
CUST0079,CUST0118,642.63,2023-08-20
CUST0009,CUST0014,342.47,2023-07-08
CUST0073,CUST0019,42.26,2023-11-27
CUST0023,CUST0157,124.35,2023-11-01
CUST0129,CUST0098,574.84,2023-08-25
CUST0148,CUST0141,39.59,2023-01-22
CUST0115,CUST0146,952.6,2023-11-30
CUST0048,CUST0082,341.74,2023-11-06
CUST0121,CUST0128,327.53,2023-03-19
CUST0015,CUST0115,448.74,2023-02-22
CUST0087,CUST0182,870.57,2023-02-13
CUST0129,CUST0165,213.71,2023-03-30
CUST0010,CUST0063,566.63,2023-12-29
CUST0112,CUST0134,417.05,2023-09-25
CUST0156,CUST0040,155.32,2023-07-06
CUST0095,CUST0072,1054.46,2023-07-18
CUST0104,CUST0198,798.33,2023-06-23
CUST0173,CUST0153,537.13,2023-01-27
CUST0161,CUST0165,950.5,2023-06-21
CUST0016,CUST0084,1009.81,2023-02-18
CUST0142,CUST0173,616.12,2023-07-17
CUST0072,CUST0064,907.04,2023-12-03
CUST0154,CUST0038,597.79,2023-06-20
CUST0020,CUST0149,569.94,2023-12-06
CUST0036,CUST0089,481.97,2023-06-08
CUST0167,CUST0178,698.61,2023-12-06
CUST0100,CUST0033,86.35,2023-11-01
CUST0181,CUST0021,1063.77,2023-06-08
CUST0143,CUST0096,1027.25,2023-11-26
CUST0084,CUST0032,14.84,2023-12-10
CUST0179,CUST0189,873.82,2023-12-17
CUST0134,CUST0023,68.98,2023-11-27
CUST0171,CUST0108,204.07,2023-09-18
CUST0092,CUST0004,680.33,2023-07-05
CUST0079,CUST0046,87.63,2023-04-20
CUST0087,CUST0196,851.78,2023-09-06
CUST0049,CUST0057,892.3,2023-03-12
CUST0039,CUST0019,354.1,2023-06-01
CUST0025,CUST0129,3.2,2023-10-04
CUST0189,CUST0134,169.16,2023-01-20
CUST0169,CUST0086,479.76,2023-11-13
CUST0033,CUST0152,1986.58,2023-07-12
CUST0039,CUST0041,499.58,2023-04-03
CUST0177,CUST0197,150.42,2023-11-16
CUST0042,CUST0184,502.57,2023-08-13
CUST0011,CUST0105,388.25,2023-07-06
CUST0173,CUST0184,756.71,2023-05-02
CUST0113,CUST0156,56.57,2023-05-26
CUST0192,CUST0191,715.7,2023-08-18
CUST0059,CUST0136,389.64,2023-05-03
CUST0079,CUST0120,1648.31,2023-04-10
CUST0094,CUST0173,209.18,2023-10-20
CUST0112,CUST0118,500.68,2023-05-25
CUST0199,CUST0097,1344.33,2023-09-15
CUST0135,CUST0107,54.08,2023-03-24
CUST0051,CUST0154,1384.13,2023-03-12
CUST0064,CUST0013,582.19,2023-11-25
CUST0123,CUST0095,35.12,2023-10-11
CUST0026,CUST0182,179.03,2023-09-22
CUST0031,CUST0072,615.8,2023-02-12
CUST0195,CUST0041,34.86,2023-05-20
CUST0115,CUST0131,436.34,2023-03-17
CUST0111,CUST0023,212.23,2023-04-24
CUST0115,CUST0089,485.0,2023-01-14
CUST0106,CUST0013,23.41,2023-07-22
CUST0128,CUST0095,1026.06,2023-05-01
CUST0098,CUST0020,1815.1,2023-07-11
CUST0057,CUST0007,1734.92,2023-06-13
CUST0025,CUST0182,692.45,2023-11-29
CUST0085,CUST0037,69.68,2023-03-12
CUST0009,CUST0073,709.95,2023-08-30
CUST0178,CUST0035,12.45,2023-12-28
CUST0120,CUST0114,11.19,2023-11-12
CUST0001,CUST0020,195.49,2023-01-10
CUST0065,CUST0055,335.34,2023-03-18
CUST0140,CUST0186,735.72,2023-11-08
CUST0135,CUST0108,574.89,2023-02-26
CUST0198,CUST0073,295.21,2023-05-02
CUST0077,CUST0031,159.85,2023-01-25
CUST0061,CUST0107,2925.76,2023-11-24
CUST0159,CUST0117,277.72,2023-02-02
CUST0028,CUST0127,300.18,2023-11-02
CUST0137,CUST0004,89.34,2023-11-20
CUST0131,CUST0147,791.91,2023-05-04
CUST0183,CUST0036,591.57,2023-05-30
CUST0109,CUST0000,124.72,2023-11-11
CUST0090,CUST0061,42.99,2023-10-20
CUST0106,CUST0047,570.5,2023-12-07
CUST0171,CUST0021,531.4,2023-09-26
CUST0092,CUST0017,159.59,2023-09-27
CUST0139,CUST0129,1506.58,2023-09-17
CUST0141,CUST0005,81.88,2023-07-19
CUST0120,CUST0011,283.11,2023-11-22
CUST0099,CUST0095,1437.78,2023-05-10
CUST0191,CUST0004,272.13,2023-07-02
CUST0017,CUST0088,508.78,2023-05-04
CUST0187,CUST0168,253.41,2023-11-18
CUST0026,CUST0197,160.25,2023-10-25
CUST0188,CUST0193,2066.89,2023-06-20
CUST0034,CUST0011,263.25,2023-06-30
CUST0139,CUST0086,1122.63,2023-11-26
CUST0044,CUST0199,130.65,2023-12-17
CUST0118,CUST0178,119.83,2023-09-03
CUST0161,CUST0046,15.81,2023-03-11
CUST0016,CUST0183,527.3,2023-08-23
CUST0009,CUST0075,229.85,2023-04-14
CUST0011,CUST0051,998.87,2023-01-22
CUST0080,CUST0079,320.48,2023-09-21
CUST0101,CUST0139,1724.04,2023-08-31
CUST0064,CUST0009,102.61,2023-11-28
CUST0048,CUST0073,1014.84,2023-07-02
CUST0199,CUST0012,749.39,2023-12-02
CUST0084,CUST0069,736.85,2023-03-05
CUST0094,CUST0111,931.47,2023-07-24
CUST0190,CUST0112,715.7,2023-07-17
CUST0086,CUST0047,492.04,2023-09-12
CUST0177,CUST0127,70.35,2023-07-08
CUST0132,CUST0068,16.53,2023-02-12
CUST0186,CUST0108,1268.19,2023-02-10
CUST0110,CUST0154,479.4,2023-04-03
CUST0139,CUST0075,796.14,2023-06-14
CUST0026,CUST0020,328.43,2023-06-17
CUST0169,CUST0075,62.39,2023-06-06
CUST0114,CUST0154,66.87,2023-08-07
CUST0042,CUST0176,578.49,2023-08-16
CUST0089,CUST0114,281.33,2023-01-22
CUST0186,CUST0090,111.9,2023-11-11
CUST0111,CUST0070,338.24,2023-11-24
CUST0014,CUST0019,33.18,2023-12-10
CUST0163,CUST0103,436.1,2023-07-06
CUST0131,CUST0191,156.67,2023-12-14
CUST0040,CUST0007,798.65,2023-03-15
CUST0155,CUST0173,185.79,2023-08-13
CUST0008,CUST0032,303.69,2023-02-04
CUST0060,CUST0199,5.84,2023-11-27
CUST0093,CUST0092,37.6,2023-07-16
CUST0145,CUST0008,249.2,2023-11-06
CUST0039,CUST0173,326.9,2023-08-19
CUST0094,CUST0095,458.17,2023-08-16
CUST0195,CUST0019,172.42,2023-10-21
CUST0035,CUST0135,593.69,2023-07-07
CUST0101,CUST0080,983.49,2023-11-29
CUST0071,CUST0063,756.73,2023-02-28
CUST0006,CUST0188,20.21,2023-04-06
CUST0127,CUST0132,327.45,2023-07-18
CUST0143,CUST0030,55.43,2023-05-15
CUST0198,CUST0066,138.57,2023-12-27
CUST0114,CUST0054,2158.59,2023-11-10
CUST0073,CUST0177,76.86,2023-09-09
CUST0051,CUST0031,345.46,2023-03-11
CUST0018,CUST0115,481.37,2023-03-30
CUST0182,CUST0113,606.11,2023-02-14
CUST0174,CUST0081,410.09,2023-12-08
CUST0088,CUST0181,4.91,2023-02-03
CUST0140,CUST0138,197.6,2023-05-29
CUST0076,CUST0040,364.61,2023-12-31
CUST0181,CUST0179,45.98,2023-11-23
CUST0044,CUST0092,215.87,2023-09-18
CUST0057,CUST0031,16.88,2023-04-13
CUST0035,CUST0060,40.92,2023-09-10
CUST0006,CUST0092,252.86,2023-10-11
CUST0146,CUST0094,71.19,2023-08-28
CUST0141,CUST0033,419.13,2023-11-10
CUST0022,CUST0016,584.73,2023-06-08
CUST0101,CUST0183,806.19,2023-09-03
CUST0134,CUST0105,111.67,2023-07-29
CUST0147,CUST0018,91.65,2023-03-06
CUST0081,CUST0164,55.22,2023-02-07
CUST0115,CUST0119,505.89,2023-12-15
CUST0132,CUST0088,612.9,2023-03-07
CUST0199,CUST0141,16.05,2023-11-24
CUST0150,CUST0046,1376.1,2023-03-08
CUST0110,CUST0128,26.69,2023-01-29
CUST0031,CUST0132,389.68,2023-03-20
CUST0077,CUST0042,617.32,2023-03-24
CUST0082,CUST0181,1023.85,2023-04-26
CUST0088,CUST0132,626.03,2023-05-26
CUST0020,CUST0064,809.06,2023-04-11
CUST0162,CUST0141,207.34,2023-05-21
CUST0032,CUST0160,843.23,2023-06-05
CUST0157,CUST0136,41.75,2023-02-17
CUST0128,CUST0164,1126.03,2023-03-28
CUST0151,CUST0148,396.59,2023-03-20
CUST0043,CUST0168,849.95,2023-11-16
CUST0184,CUST0154,301.03,2023-06-22
CUST0144,CUST0010,515.82,2023-01-15
CUST0020,CUST0011,373.7,2023-11-25
CUST0197,CUST0147,657.62,2023-05-16
CUST0166,CUST0053,42.58,2023-10-20
CUST0106,CUST0158,31.13,2023-11-24
CUST0007,CUST0127,141.91,2023-11-18
CUST0139,CUST0074,86.91,2023-11-25
CUST0077,CUST0123,1027.02,2023-05-06
CUST0175,CUST0103,123.73,2023-06-02
CUST0116,CUST0018,1862.05,2023-12-19
CUST0015,CUST0040,205.41,2023-08-14
CUST0106,CUST0123,100.52,2023-08-26
CUST0052,CUST0087,779.61,2023-11-07
CUST0036,CUST0080,537.51,2023-06-13
CUST0187,CUST0088,344.77,2023-07-24
CUST0033,CUST0194,405.25,2023-07-09
CUST0131,CUST0143,635.06,2023-02-24
CUST0081,CUST0061,129.68,2023-08-27
CUST0031,CUST0068,2804.32,2023-08-19
CUST0063,CUST0036,1840.32,2023-02-19
CUST0012,CUST0074,525.38,2023-07-16
CUST0157,CUST0107,111.29,2023-05-08
CUST0040,CUST0083,570.07,2023-10-23
CUST0184,CUST0080,37.47,2023-04-08
CUST0195,CUST0040,15.57,2023-09-13
CUST0131,CUST0119,148.99,2023-09-13
CUST0078,CUST0127,310.53,2023-01-12
CUST0023,CUST0100,1013.51,2023-09-16
CUST0117,CUST0061,649.45,2023-04-21
CUST0149,CUST0090,678.77,2023-01-25
CUST0012,CUST0072,277.12,2023-09-11
CUST0152,CUST0167,212.27,2023-12-11
CUST0120,CUST0073,231.84,2023-10-02
CUST0002,CUST0027,2197.03,2023-08-09
CUST0034,CUST0067,20.47,2023-07-07
CUST0195,CUST0103,1008.82,2023-07-07
CUST0011,CUST0102,432.18,2023-01-27
CUST0145,CUST0143,288.67,2023-04-10
CUST0092,CUST0141,645.96,2023-05-28
CUST0018,CUST0098,333.42,2023-09-16
CUST0115,CUST0195,1033.45,2023-10-09
CUST0071,CUST0159,1154.81,2023-12-15
CUST0156,CUST0030,273.85,2023-03-07
CUST0024,CUST0100,162.05,2023-07-11
CUST0086,CUST0142,448.67,2023-07-07
CUST0193,CUST0036,1217.28,2023-04-12
CUST0154,CUST0130,118.28,2023-07-25
CUST0128,CUST0010,487.71,2023-01-24
CUST0009,CUST0035,499.24,2024-01-01
CUST0085,CUST0121,660.47,2023-09-23
CUST0116,CUST0038,70.53,2023-11-07
CUST0131,CUST0035,629.08,2023-06-17
CUST0156,CUST0081,1198.63,2023-03-25
CUST0100,CUST0157,99.03,2023-06-03
CUST0151,CUST0086,135.6,2023-09-17
CUST0130,CUST0136,1777.09,2023-09-08
CUST0181,CUST0144,99.82,2023-06-03
CUST0121,CUST0004,963.39,2023-07-08
CUST0084,CUST0172,338.91,2023-02-26
CUST0106,CUST0149,142.0,2023-06-07
CUST0185,CUST0176,1023.0,2023-11-19
CUST0006,CUST0152,294.67,2023-08-31
CUST0067,CUST0167,361.61,2023-10-24
CUST0147,CUST0058,222.54,2023-01-27
CUST0149,CUST0122,449.41,2023-03-29
CUST0134,CUST0161,89.28,2023-11-14
CUST0198,CUST0097,248.04,2023-03-17
CUST0174,CUST0062,1743.58,2023-01-17
CUST0146,CUST0179,149.29,2023-02-26
CUST0048,CUST0004,534.63,2023-08-14
CUST0080,CUST0107,196.66,2023-03-19
CUST0105,CUST0176,742.45,2023-04-15
CUST0105,CUST0128,70.13,2023-11-10
CUST0120,CUST0188,1750.31,2023-02-01
CUST0180,CUST0035,302.38,2023-09-23
CUST0053,CUST0143,134.63,2023-06-16
CUST0169,CUST0122,38.17,2023-09-27
CUST0096,CUST0080,93.02,2023-03-30
CUST0117,CUST0136,366.75,2023-06-25
CUST0139,CUST0090,205.49,2023-12-13
CUST0197,CUST0184,882.7,2023-12-15
CUST0164,CUST0177,281.84,2023-05-16
CUST0156,CUST0123,142.98,2023-04-09
CUST0063,CUST0071,480.05,2023-10-13
CUST0076,CUST0057,613.41,2023-06-02
CUST0197,CUST0073,91.39,2023-12-27
CUST0053,CUST0176,91.73,2023-12-27
CUST0125,CUST0081,18.68,2023-09-03
CUST0089,CUST0143,666.67,2023-05-21
CUST0073,CUST0031,545.03,2023-10-21
CUST0173,CUST0139,321.83,2023-07-14
CUST0101,CUST0088,929.5,2023-03-16
CUST0074,CUST0010,819.1,2023-05-28
CUST0182,CUST0020,440.17,2023-06-27
CUST0113,CUST0167,1013.51,2023-05-12
CUST0191,CUST0122,115.24,2023-04-20
CUST0051,CUST0137,59.35,2023-05-19
CUST0143,CUST0178,157.18,2023-05-20
CUST0035,CUST0027,29.39,2023-11-12
CUST0189,CUST0150,378.76,2023-05-03
CUST0062,CUST0012,1379.19,2023-12-09
CUST0135,CUST0057,20.07,2023-11-23
CUST0059,CUST0013,65.12,2023-02-21
CUST0105,CUST0084,300.92,2023-08-30
CUST0025,CUST0174,1358.1,2023-03-12
CUST0001,CUST0140,190.01,2023-03-22
CUST0104,CUST0167,353.86,2023-09-01
CUST0122,CUST0166,21.23,2023-04-13
CUST0193,CUST0073,80.29,2023-06-14
CUST0073,CUST0165,2157.38,2023-01-31
CUST0196,CUST0022,1677.9,2023-11-30
CUST0146,CUST0059,2.48,2023-10-01
CUST0189,CUST0185,1516.32,2023-01-20
CUST0044,CUST0106,509.6,2023-04-01
CUST0009,CUST0101,1012.17,2023-09-11
CUST0047,CUST0191,303.25,2023-05-29
CUST0009,CUST0002,362.42,2023-06-02
CUST0145,CUST0154,335.54,2023-02-24
CUST0085,CUST0072,549.6,2023-08-21
CUST0164,CUST0139,75.21,2023-09-26
CUST0126,CUST0034,15.22,2023-09-16
CUST0119,CUST0069,184.03,2023-04-09
CUST0028,CUST0084,609.85,2023-03-25
CUST0187,CUST0117,112.73,2023-11-28
CUST0065,CUST0183,559.56,2023-04-06
CUST0003,CUST0188,1751.82,2023-06-22
CUST0075,CUST0145,49.3,2023-12-12
CUST0193,CUST0049,558.29,2023-03-31
CUST0156,CUST0163,293.27,2023-07-27
CUST0109,CUST0131,1013.02,2023-06-17
CUST0022,CUST0102,97.49,2023-12-09
CUST0024,CUST0047,589.84,2023-03-13
CUST0122,CUST0082,910.44,2023-05-08
CUST0001,CUST0066,1446.72,2023-07-16
CUST0060,CUST0114,574.82,2023-05-17
CUST0084,CUST0077,343.76,2023-10-26
CUST0185,CUST0146,480.97,2023-01-06
CUST0066,CUST0167,1015.92,2023-07-04
CUST0177,CUST0060,422.69,2023-02-01
CUST0170,CUST0030,15.43,2023-08-27
CUST0078,CUST0040,1336.45,2023-07-27
CUST0175,CUST0128,584.83,2023-12-27
CUST0197,CUST0079,564.3,2023-12-20
CUST0030,CUST0163,121.47,2023-06-01
CUST0094,CUST0157,537.77,2023-04-24
CUST0056,CUST0034,250.33,2023-09-02
CUST0039,CUST0116,526.68,2023-11-07
CUST0095,CUST0106,56.36,2023-12-26
CUST0140,CUST0120,536.25,2023-10-03
CUST0170,CUST0055,3720.86,2023-05-07
CUST0174,CUST0193,24.71,2023-11-02
CUST0020,CUST0134,1889.93,2023-08-17
CUST0135,CUST0180,261.2,2023-07-05
CUST0019,CUST0144,1023.02,2023-02-27
CUST0015,CUST0140,762.52,2023-09-16
CUST0051,CUST0146,418.53,2023-10-02
CUST0038,CUST0042,670.56,2023-06-17
CUST0133,CUST0113,1053.98,2023-03-01
CUST0174,CUST0052,258.88,2023-10-26
CUST0125,CUST0023,198.03,2023-09-19
CUST0114,CUST0014,550.7,2023-08-21
CUST0033,CUST0131,824.73,2023-08-01
CUST0116,CUST0144,718.34,2023-01-30
CUST0143,CUST0118,799.28,2023-12-11
CUST0078,CUST0185,285.98,2023-01-12
CUST0101,CUST0065,851.42,2023-01-02
CUST0190,CUST0055,64.04,2023-10-24
CUST0018,CUST0011,393.17,2023-08-05
CUST0088,CUST0179,2.89,2023-02-02
CUST0138,CUST0015,196.21,2023-02-05
CUST0120,CUST0008,228.22,2023-05-27
CUST0104,CUST0046,252.23,2023-03-11
CUST0196,CUST0164,594.49,2023-11-27
CUST0107,CUST0095,245.97,2023-07-15
CUST0114,CUST0096,297.73,2023-07-12
CUST0020,CUST0174,135.61,2023-12-05
CUST0138,CUST0034,233.61,2023-12-01
CUST0089,CUST0030,128.91,2023-04-02
CUST0137,CUST0100,38.01,2023-09-28
CUST0032,CUST0186,462.47,2023-04-25
CUST0000,CUST0193,551.63,2023-01-12
CUST0076,CUST0118,483.12,2023-12-11
CUST0184,CUST0139,311.34,2023-08-06
CUST0136,CUST0097,238.85,2023-04-28
CUST0063,CUST0117,995.11,2023-06-27
CUST0039,CUST0070,366.03,2023-04-07
CUST0185,CUST0195,326.18,2023-02-27
CUST0008,CUST0169,12.99,2023-08-03
CUST0157,CUST0196,208.7,2023-01-09
CUST0061,CUST0052,239.18,2023-02-04
CUST0025,CUST0152,254.43,2023-01-18
CUST0114,CUST0153,433.96,2023-12-11
CUST0180,CUST0012,381.36,2023-05-06
CUST0189,CUST0011,468.13,2023-07-25
CUST0112,CUST0059,723.84,2023-10-04
CUST0055,CUST0193,838.29,2023-01-29
CUST0035,CUST0128,633.14,2023-05-29
CUST0059,CUST0187,1556.4,2023-10-22
CUST0081,CUST0147,9.2,2023-11-03
CUST0197,CUST0172,108.94,2023-06-14
CUST0060,CUST0077,3.8,2023-03-15
CUST0169,CUST0133,521.32,2023-04-24
CUST0105,CUST0076,1141.54,2023-05-21
CUST0015,CUST0142,139.51,2023-10-30
CUST0188,CUST0044,1308.88,2023-11-17
CUST0173,CUST0109,31.08,2023-10-12
CUST0126,CUST0012,1362.36,2023-06-26
CUST0164,CUST0171,216.64,2023-07-15
CUST0134,CUST0081,53.47,2023-12-23
CUST0106,CUST0104,332.64,2023-03-18
CUST0076,CUST0096,148.38,2023-04-05
CUST0193,CUST0137,167.65,2023-08-31
CUST0061,CUST0057,183.57,2023-06-03
CUST0181,CUST0036,812.34,2023-08-26
CUST0014,CUST0143,387.35,2023-07-31
CUST0106,CUST0142,186.48,2023-09-29
CUST0034,CUST0099,471.23,2023-05-05
CUST0065,CUST0052,629.66,2023-06-19
CUST0165,CUST0020,159.16,2023-08-19
CUST0094,CUST0023,266.83,2023-10-02
CUST0185,CUST0048,64.99,2023-01-27
CUST0068,CUST0096,99.93,2023-12-11
CUST0154,CUST0010,571.47,2023-02-07
CUST0048,CUST0194,100.1,2023-10-28
CUST0185,CUST0171,372.39,2023-10-14
CUST0055,CUST0122,617.3,2023-04-17
CUST0085,CUST0077,56.52,2023-01-08
CUST0054,CUST0048,418.87,2023-03-02
CUST0191,CUST0193,148.24,2023-09-03
CUST0062,CUST0178,1647.43,2023-11-06
CUST0180,CUST0052,330.38,2023-07-23
CUST0061,CUST0141,819.93,2023-06-14
CUST0198,CUST0072,399.51,2023-07-14
CUST0119,CUST0136,22.19,2023-11-29
CUST0091,CUST0078,501.4,2023-05-14
CUST0092,CUST0131,1512.1,2023-09-12
CUST0119,CUST0025,460.16,2023-08-29
CUST0194,CUST0081,855.15,2023-04-15
CUST0094,CUST0080,1077.97,2023-07-31
CUST0011,CUST0144,129.44,2023-04-24
CUST0189,CUST0037,119.16,2023-01-09
CUST0066,CUST0141,472.06,2023-10-27
CUST0148,CUST0184,264.69,2023-08-02
CUST0075,CUST0039,915.86,2023-04-11
CUST0084,CUST0058,1151.41,2023-07-14
CUST0145,CUST0062,218.03,2023-09-13
CUST0140,CUST0167,135.16,2023-12-17
CUST0086,CUST0065,758.26,2023-09-08
CUST0185,CUST0164,160.66,2023-09-09
CUST0117,CUST0043,864.71,2023-06-30
CUST0043,CUST0035,275.6,2023-10-07
CUST0125,CUST0047,550.63,2023-10-05
CUST0164,CUST0015,50.21,2023-09-26
CUST0008,CUST0019,488.9,2023-12-09
CUST0012,CUST0195,300.53,2023-01-04
CUST0105,CUST0035,441.68,2023-11-19
CUST0059,CUST0017,91.97,2023-12-29
CUST0038,CUST0002,667.56,2023-04-22
CUST0129,CUST0116,993.15,2023-07-11
CUST0015,CUST0158,122.15,2023-11-23
CUST0170,CUST0157,50.31,2023-09-05
CUST0168,CUST0124,11.96,2023-01-09
CUST0001,CUST0136,513.57,2023-10-10
CUST0105,CUST0003,467.09,2023-01-09
CUST0135,CUST0184,395.6,2023-05-21
CUST0137,CUST0073,131.95,2023-01-09
CUST0128,CUST0178,247.89,2023-12-12
CUST0110,CUST0045,451.29,2023-02-24
CUST0024,CUST0134,343.35,2023-03-18
CUST0061,CUST0049,2202.57,2023-11-14
CUST0134,CUST0064,73.35,2023-07-01
CUST0068,CUST0101,593.96,2023-02-10
CUST0095,CUST0103,259.02,2023-08-24
CUST0144,CUST0062,279.48,2023-12-23
CUST0057,CUST0076,632.21,2023-12-17
CUST0020,CUST0167,589.54,2023-11-29
CUST0194,CUST0008,2369.69,2023-02-17
CUST0103,CUST0097,68.71,2023-07-13
CUST0141,CUST0121,54.97,2023-01-29
CUST0163,CUST0002,644.29,2023-12-26
CUST0043,CUST0021,431.83,2023-09-13
CUST0111,CUST0165,160.21,2023-06-19
CUST0144,CUST0024,41.38,2023-09-28
CUST0010,CUST0058,44.78,2023-04-19
CUST0177,CUST0145,1123.06,2023-09-01
CUST0069,CUST0011,106.51,2023-02-08
CUST0175,CUST0071,195.32,2023-10-06
CUST0144,CUST0168,128.52,2023-01-17
CUST0045,CUST0080,219.25,2023-01-09
CUST0053,CUST0150,35.98,2023-03-15
CUST0192,CUST0182,366.01,2023-07-23
CUST0019,CUST0076,35.0,2023-03-25
CUST0144,CUST0061,805.61,2023-10-18
CUST0099,CUST0173,133.1,2023-10-04
CUST0084,CUST0098,388.28,2023-03-13
CUST0176,CUST0185,1060.46,2023-02-10
CUST0128,CUST0190,526.17,2023-06-27
CUST0013,CUST0025,380.67,2023-08-12
CUST0059,CUST0019,196.03,2023-06-24
CUST0154,CUST0196,202.48,2023-11-11
CUST0152,CUST0101,553.55,2023-06-17
CUST0007,CUST0162,2569.75,2023-05-20
CUST0115,CUST0125,542.12,2023-04-27
CUST0091,CUST0141,407.98,2023-07-12
CUST0110,CUST0047,655.87,2023-12-15
CUST0149,CUST0169,312.94,2023-07-14
CUST0021,CUST0197,31.01,2023-11-13
CUST0075,CUST0063,413.11,2024-01-01
CUST0018,CUST0021,1580.6,2023-05-18
CUST0039,CUST0097,96.37,2023-12-31
CUST0162,CUST0039,585.6,2023-07-19
CUST0081,CUST0092,112.16,2023-02-24
CUST0023,CUST0001,383.75,2023-06-07
CUST0113,CUST0092,50.84,2023-05-19
CUST0026,CUST0033,299.26,2023-02-14
CUST0047,CUST0110,705.63,2023-08-18
CUST0142,CUST0131,213.53,2023-07-28
CUST0026,CUST0006,546.68,2023-02-15
CUST0090,CUST0141,793.47,2023-02-17
CUST0152,CUST0153,1309.87,2023-06-16
CUST0098,CUST0003,133.71,2023-05-30
CUST0105,CUST0099,254.84,2023-02-13
CUST0185,CUST0143,82.68,2023-05-05
CUST0146,CUST0133,2445.33,2023-03-28
CUST0175,CUST0097,1308.65,2023-03-28
CUST0035,CUST0068,388.22,2023-06-04
CUST0068,CUST0126,922.69,2023-03-16
CUST0016,CUST0042,367.98,2023-08-11
CUST0070,CUST0107,488.53,2023-06-03
CUST0123,CUST0019,46.67,2023-07-04
CUST0064,CUST0063,703.8,2023-11-17
CUST0126,CUST0152,68.32,2023-11-12
CUST0050,CUST0117,874.54,2023-02-24
CUST0034,CUST0077,761.69,2023-01-04
CUST0101,CUST0085,616.78,2023-11-14
CUST0097,CUST0084,18.42,2023-08-14
CUST0085,CUST0110,180.58,2023-11-30
CUST0152,CUST0034,152.66,2023-06-03
CUST0082,CUST0154,223.25,2023-12-22
CUST0051,CUST0122,45.86,2023-06-10
CUST0045,CUST0101,1381.98,2023-06-13
CUST0074,CUST0188,403.5,2023-12-22
CUST0162,CUST0125,182.3,2023-10-22
CUST0062,CUST0083,252.9,2023-07-12
CUST0071,CUST0100,296.38,2023-07-06
CUST0029,CUST0144,458.89,2023-04-13
CUST0151,CUST0139,362.5,2023-04-03
CUST0174,CUST0196,1259.08,2023-10-09
CUST0006,CUST0186,343.55,2023-08-25
CUST0181,CUST0053,2424.13,2023-08-13
CUST0074,CUST0177,953.33,2023-02-05
CUST0104,CUST0172,116.92,2023-09-13
CUST0035,CUST0162,1333.9,2023-06-05
CUST0061,CUST0064,61.86,2023-12-04
CUST0039,CUST0183,850.36,2023-08-05
CUST0096,CUST0018,239.52,2023-08-18
CUST0153,CUST0122,1051.76,2023-10-26
CUST0102,CUST0136,1012.69,2023-09-17
CUST0177,CUST0107,819.76,2023-10-06
CUST0009,CUST0092,780.4,2023-12-26
CUST0137,CUST0152,181.69,2023-11-23
CUST0021,CUST0027,42.19,2023-05-08
CUST0168,CUST0170,257.9,2023-07-01
CUST0042,CUST0165,95.29,2023-11-10
CUST0011,CUST0144,593.64,2023-11-27
CUST0173,CUST0165,212.4,2023-07-24
CUST0192,CUST0084,1856.8,2023-08-09
CUST0027,CUST0002,512.18,2023-02-20
CUST0066,CUST0056,864.34,2023-09-19
CUST0191,CUST0132,71.08,2023-10-13
CUST0148,CUST0176,990.3,2023-10-22
CUST0056,CUST0114,1280.4,2023-07-11
CUST0100,CUST0118,333.8,2023-12-14
CUST0150,CUST0176,466.02,2023-09-14
CUST0038,CUST0088,723.68,2023-01-13
CUST0123,CUST0026,96.09,2023-06-01
CUST0106,CUST0021,349.15,2023-03-01
CUST0186,CUST0036,254.3,2023-06-28
CUST0079,CUST0087,79.13,2023-08-22
CUST0052,CUST0133,229.06,2023-09-05
CUST0089,CUST0121,35.3,2023-02-19
CUST0112,CUST0184,13.08,2023-12-23
CUST0115,CUST0081,72.61,2023-02-04
CUST0076,CUST0011,1649.98,2023-12-30
CUST0029,CUST0005,398.73,2023-06-25
CUST0165,CUST0027,1688.09,2023-12-13
CUST0042,CUST0189,283.26,2023-05-05
CUST0132,CUST0044,186.85,2023-10-10
CUST0040,CUST0084,352.75,2023-10-14
CUST0109,CUST0118,289.47,2023-04-29
CUST0103,CUST0161,55.84,2023-04-05
CUST0047,CUST0163,511.97,2023-12-03
CUST0110,CUST0101,121.7,2023-01-15
CUST0188,CUST0157,483.25,2023-04-12
CUST0115,CUST0151,525.2,2023-08-08
CUST0099,CUST0001,82.45,2023-12-27
CUST0054,CUST0052,31.66,2023-05-23
CUST0192,CUST0180,758.8,2023-02-02
CUST0147,CUST0026,307.91,2023-10-02
CUST0047,CUST0093,29.96,2023-06-16
CUST0050,CUST0117,2635.97,2023-02-28
CUST0067,CUST0171,29.76,2023-09-08
CUST0135,CUST0163,593.78,2023-06-10
CUST0152,CUST0099,2057.65,2023-11-09
CUST0100,CUST0150,136.68,2023-02-28
CUST0089,CUST0090,76.72,2023-08-23
CUST0158,CUST0044,64.7,2023-12-11
CUST0180,CUST0076,180.68,2023-11-11
CUST0151,CUST0021,53.26,2023-12-11
CUST0034,CUST0080,589.09,2023-03-02
CUST0061,CUST0078,32.16,2023-03-01
CUST0046,CUST0095,356.09,2023-12-22
CUST0036,CUST0130,2856.44,2023-07-18
CUST0107,CUST0152,840.92,2023-03-12
CUST0147,CUST0098,477.54,2023-08-05
CUST0047,CUST0124,182.82,2023-11-22
CUST0137,CUST0177,488.94,2023-11-27
CUST0044,CUST0142,374.37,2023-03-27
CUST0125,CUST0073,277.64,2023-03-13
CUST0047,CUST0080,70.04,2023-08-19
CUST0158,CUST0013,1088.44,2023-07-03
CUST0002,CUST0124,298.72,2023-03-11
CUST0049,CUST0098,108.22,2023-10-15
CUST0129,CUST0167,229.24,2023-09-11
CUST0104,CUST0175,267.33,2023-09-09
CUST0106,CUST0181,878.79,2023-08-16
CUST0125,CUST0042,661.41,2023-02-12
CUST0144,CUST0007,733.33,2023-04-23
CUST0074,CUST0008,5.55,2023-05-21
CUST0057,CUST0137,269.06,2023-05-28
CUST0043,CUST0199,328.26,2023-08-23
CUST0144,CUST0190,9.69,2023-09-11
CUST0140,CUST0130,150.43,2023-02-27
CUST0146,CUST0029,714.16,2023-05-18
CUST0198,CUST0139,73.73,2023-07-07
CUST0138,CUST0193,383.19,2023-01-22
CUST0194,CUST0184,121.16,2023-08-14
CUST0139,CUST0055,6.1,2023-08-06
CUST0026,CUST0188,138.01,2023-12-01
CUST0192,CUST0063,1862.23,2023-06-02
CUST0008,CUST0115,808.58,2023-05-15
CUST0089,CUST0022,1604.17,2023-08-13
CUST0030,CUST0198,334.57,2023-05-02
CUST0053,CUST0188,58.12,2023-10-29
CUST0176,CUST0089,396.99,2023-12-30
CUST0156,CUST0161,302.91,2023-08-08
CUST0042,CUST0157,930.1,2023-03-13
CUST0052,CUST0015,51.62,2023-10-19
CUST0089,CUST0136,334.95,2023-05-24
CUST0152,CUST0137,81.29,2023-03-28
CUST0082,CUST0180,196.28,2023-05-30
CUST0074,CUST0146,668.48,2023-05-17
CUST0131,CUST0173,323.15,2023-02-18
CUST0034,CUST0192,235.71,2023-07-30
CUST0015,CUST0070,250.83,2023-12-02
CUST0032,CUST0179,307.58,2023-03-09
CUST0063,CUST0037,768.6,2023-12-31
CUST0082,CUST0063,1113.2,2023-12-13
CUST0100,CUST0125,1554.28,2023-03-14
CUST0147,CUST0161,773.0,2023-05-18
CUST0160,CUST0106,189.47,2023-07-12
CUST0115,CUST0019,582.59,2023-11-21
CUST0196,CUST0023,287.77,2023-07-26
CUST0131,CUST0191,146.96,2023-05-23
CUST0177,CUST0094,919.02,2023-08-21
CUST0124,CUST0083,19.59,2023-10-25
CUST0000,CUST0198,1160.18,2023-02-17
CUST0187,CUST0117,309.46,2023-11-22
CUST0170,CUST0178,506.95,2023-07-03
CUST0016,CUST0136,538.46,2023-07-23
CUST0055,CUST0109,1127.46,2023-04-19
CUST0126,CUST0068,506.22,2023-06-15
CUST0072,CUST0086,475.87,2023-10-08
CUST0147,CUST0033,34.49,2023-10-17
CUST0124,CUST0087,365.33,2023-12-16
CUST0195,CUST0012,81.36,2023-01-24
CUST0025,CUST0160,668.63,2023-08-24
CUST0004,CUST0031,358.95,2023-03-22
CUST0112,CUST0116,570.07,2023-01-01
CUST0109,CUST0051,21.28,2023-12-19
CUST0033,CUST0166,44.3,2023-06-04
CUST0040,CUST0070,629.96,2023-02-17
CUST0167,CUST0092,37.41,2023-05-09
CUST0021,CUST0095,36.96,2023-12-07
CUST0166,CUST0042,6.09,2023-01-27
CUST0101,CUST0160,1567.51,2023-06-06
CUST0185,CUST0179,668.77,2023-04-30
CUST0109,CUST0167,217.9,2023-02-16
CUST0180,CUST0024,175.87,2023-01-01
CUST0054,CUST0122,215.16,2023-02-09
CUST0033,CUST0151,745.06,2023-04-26
CUST0132,CUST0174,541.42,2023-08-16
CUST0002,CUST0178,102.4,2023-06-25
CUST0030,CUST0108,95.65,2023-12-22
CUST0033,CUST0122,51.79,2023-02-06
CUST0058,CUST0098,539.85,2023-02-15
CUST0187,CUST0026,722.75,2023-02-22
CUST0080,CUST0094,153.97,2023-06-03
CUST0035,CUST0097,10.58,2023-03-10
CUST0164,CUST0173,42.87,2023-03-15
CUST0017,CUST0135,1718.83,2023-10-16
CUST0002,CUST0156,175.09,2023-11-29
CUST0042,CUST0112,733.15,2023-06-29
CUST0184,CUST0054,489.97,2023-11-18
CUST0191,CUST0038,240.58,2023-07-30
CUST0157,CUST0175,115.14,2023-08-15
CUST0055,CUST0022,64.71,2023-02-21
CUST0035,CUST0192,477.27,2023-03-05
CUST0150,CUST0186,745.01,2023-07-16
CUST0089,CUST0109,516.28,2023-06-11
CUST0035,CUST0063,377.83,2023-05-22
CUST0165,CUST0021,21.43,2023-05-08
CUST0141,CUST0153,1728.71,2023-11-04
CUST0184,CUST0155,801.51,2023-05-26
CUST0199,CUST0176,173.24,2023-01-14
CUST0168,CUST0077,1955.27,2023-04-16
CUST0132,CUST0155,460.5,2023-09-18
CUST0048,CUST0191,436.64,2023-07-20
CUST0075,CUST0165,689.31,2023-01-28
CUST0061,CUST0126,835.04,2023-07-17
CUST0028,CUST0061,534.25,2023-09-13
CUST0163,CUST0152,68.54,2023-02-06
CUST0135,CUST0003,206.45,2023-07-04
CUST0081,CUST0033,1316.13,2023-07-18
CUST0145,CUST0107,127.2,2023-07-07
CUST0139,CUST0174,232.74,2023-03-30
CUST0195,CUST0120,282.88,2023-02-07
CUST0004,CUST0150,289.38,2023-02-04
CUST0003,CUST0067,474.59,2023-04-21
CUST0010,CUST0015,1433.02,2023-07-23
CUST0129,CUST0073,137.67,2023-11-18
CUST0182,CUST0128,64.77,2023-08-01
CUST0108,CUST0179,109.99,2023-07-25
CUST0021,CUST0163,1089.85,2023-10-02
CUST0137,CUST0157,518.96,2023-03-20
CUST0071,CUST0021,168.37,2023-06-08
CUST0020,CUST0130,846.27,2023-04-15
CUST0039,CUST0137,987.97,2023-06-17
CUST0100,CUST0150,937.07,2023-11-21
CUST0195,CUST0166,1256.2,2023-12-15
CUST0164,CUST0016,145.34,2023-06-08
CUST0178,CUST0111,703.33,2023-05-03
CUST0014,CUST0062,308.59,2023-02-14
CUST0111,CUST0029,922.58,2023-08-21
CUST0156,CUST0155,651.88,2023-01-29
CUST0079,CUST0170,749.05,2023-12-03
CUST0189,CUST0044,533.79,2023-03-03
CUST0003,CUST0181,97.66,2023-03-12
CUST0179,CUST0002,393.76,2023-03-25
CUST0127,CUST0088,2088.96,2023-09-25
CUST0132,CUST0184,1385.4,2023-05-13
CUST0042,CUST0095,22.07,2023-03-06
CUST0191,CUST0199,90.05,2023-05-18
CUST0187,CUST0030,70.63,2023-01-16
CUST0085,CUST0109,647.28,2023-05-20
CUST0134,CUST0016,851.28,2023-05-15
CUST0182,CUST0147,120.09,2023-11-18
CUST0019,CUST0127,352.46,2023-08-22
CUST0130,CUST0092,918.49,2023-01-29
CUST0127,CUST0145,659.88,2023-03-27
CUST0094,CUST0040,390.7,2023-05-11
CUST0197,CUST0026,446.22,2023-10-21
CUST0172,CUST0185,355.0,2023-03-01
CUST0058,CUST0189,176.59,2023-09-18
CUST0000,CUST0011,416.23,2023-01-07
CUST0062,CUST0011,583.8,2023-08-30
CUST0093,CUST0098,1033.06,2023-03-18
CUST0045,CUST0009,505.7,2023-10-11
CUST0182,CUST0189,715.9,2023-12-02
CUST0107,CUST0057,87.22,2023-06-14
CUST0063,CUST0106,309.54,2023-06-13
CUST0069,CUST0019,4.69,2023-10-20
CUST0095,CUST0030,141.63,2023-09-15
CUST0172,CUST0013,648.16,2023-04-02
CUST0057,CUST0132,2402.42,2023-01-24
CUST0102,CUST0017,52.22,2023-08-27
CUST0072,CUST0198,256.66,2023-06-09
CUST0083,CUST0022,804.9,2023-10-11
CUST0116,CUST0002,114.1,2023-07-08
CUST0051,CUST0074,404.94,2023-10-16
CUST0077,CUST0189,660.39,2023-11-15
CUST0062,CUST0118,478.54,2023-07-08
CUST0151,CUST0126,104.14,2023-04-11
CUST0187,CUST0139,219.55,2023-05-06
CUST0038,CUST0001,765.76,2023-07-29
CUST0006,CUST0059,403.97,2023-10-05
CUST0088,CUST0162,2.62,2023-12-22
CUST0002,CUST0085,715.63,2023-01-01
CUST0194,CUST0168,17.97,2023-07-12
CUST0188,CUST0186,684.69,2023-06-07
CUST0026,CUST0052,113.12,2023-09-29
CUST0060,CUST0107,1585.92,2023-09-09
CUST0015,CUST0036,229.39,2023-12-31
CUST0071,CUST0023,197.95,2023-01-23
CUST0059,CUST0133,80.61,2023-07-31
CUST0179,CUST0095,182.36,2023-08-23
CUST0191,CUST0021,1046.37,2023-10-25
CUST0024,CUST0129,2804.37,2023-03-10
CUST0163,CUST0100,229.68,2023-02-08
CUST0151,CUST0145,297.66,2023-02-01
CUST0111,CUST0169,640.19,2023-03-08
CUST0060,CUST0074,1086.64,2023-05-14
CUST0080,CUST0100,449.53,2023-12-25
CUST0188,CUST0083,248.4,2023-06-12
CUST0115,CUST0069,266.04,2023-04-30
CUST0019,CUST0051,594.74,2023-03-11
CUST0199,CUST0197,1.61,2023-10-27
CUST0027,CUST0039,483.25,2023-02-24
CUST0042,CUST0115,219.63,2023-08-27
CUST0080,CUST0104,790.42,2023-03-03
CUST0137,CUST0091,48.8,2023-04-17
CUST0115,CUST0078,443.61,2023-08-26
CUST0067,CUST0030,327.9,2023-02-16
CUST0040,CUST0175,514.07,2023-06-05
CUST0180,CUST0178,33.53,2023-11-05
CUST0010,CUST0055,433.73,2023-06-17
CUST0037,CUST0023,412.18,2023-12-31
CUST0063,CUST0091,411.24,2023-07-22
CUST0131,CUST0012,462.52,2023-12-13
CUST0076,CUST0066,564.23,2023-03-31
CUST0007,CUST0103,817.35,2023-08-20
CUST0142,CUST0191,157.23,2023-10-09
CUST0063,CUST0024,871.63,2023-08-25
CUST0026,CUST0035,344.83,2023-03-04
CUST0003,CUST0015,40.09,2023-04-24
CUST0033,CUST0050,30.17,2023-07-25
CUST0095,CUST0175,203.41,2023-11-19
CUST0165,CUST0021,768.32,2023-10-26
CUST0150,CUST0066,614.95,2023-02-08
CUST0005,CUST0016,777.04,2023-04-12
CUST0165,CUST0113,364.15,2023-03-07
CUST0023,CUST0084,290.09,2023-03-04
CUST0010,CUST0118,79.76,2023-01-26
CUST0043,CUST0146,198.89,2023-08-10
CUST0185,CUST0101,284.6,2023-09-12
CUST0007,CUST0097,46.39,2023-12-16
CUST0109,CUST0044,124.62,2023-07-01
CUST0054,CUST0047,455.93,2023-05-21
CUST0071,CUST0114,665.27,2023-03-18
CUST0008,CUST0157,3202.74,2023-11-14
CUST0157,CUST0062,1352.38,2023-11-28
CUST0075,CUST0127,514.4,2023-07-30
CUST0140,CUST0122,273.44,2023-02-01
CUST0022,CUST0071,505.54,2023-07-16
CUST0035,CUST0107,770.08,2023-04-13
CUST0164,CUST0134,62.97,2023-05-08
CUST0161,CUST0139,263.74,2023-01-10
CUST0097,CUST0182,915.67,2023-07-03
CUST0122,CUST0139,242.12,2023-09-06
CUST0088,CUST0144,424.17,2023-09-15
CUST0082,CUST0099,443.09,2023-05-19
CUST0046,CUST0006,101.96,2023-06-13
CUST0152,CUST0056,224.89,2023-01-16
CUST0199,CUST0071,203.62,2023-01-30
CUST0120,CUST0135,13.27,2023-07-03
CUST0196,CUST0149,12.24,2023-04-30
CUST0040,CUST0025,890.99,2023-05-07
CUST0168,CUST0061,159.46,2023-05-17
CUST0136,CUST0188,364.99,2023-01-29
CUST0195,CUST0056,177.43,2023-10-22
CUST0099,CUST0090,1412.4,2023-03-30
CUST0045,CUST0060,150.08,2023-10-31
CUST0081,CUST0188,280.76,2023-12-24
CUST0091,CUST0151,1030.72,2023-01-15
CUST0180,CUST0179,922.37,2023-06-30
CUST0145,CUST0144,102.96,2023-03-14
CUST0144,CUST0048,811.37,2023-09-10
CUST0138,CUST0079,306.42,2023-03-31
CUST0125,CUST0009,329.83,2023-02-16
CUST0014,CUST0059,71.64,2023-11-05
CUST0056,CUST0005,42.02,2023-09-27
CUST0122,CUST0000,650.87,2023-06-19
CUST0157,CUST0051,343.05,2023-03-08
CUST0087,CUST0183,287.11,2023-04-01
CUST0082,CUST0015,653.76,2023-01-12
CUST0037,CUST0150,725.18,2023-12-27
CUST0036,CUST0198,86.53,2023-02-26
CUST0134,CUST0093,471.09,2023-02-07
CUST0095,CUST0180,72.72,2023-12-06
CUST0101,CUST0150,695.9,2023-02-21
CUST0086,CUST0077,534.95,2023-06-15
CUST0034,CUST0040,1568.82,2023-08-12
CUST0163,CUST0124,35.73,2023-11-29
CUST0081,CUST0044,29.37,2023-12-29
CUST0143,CUST0177,165.77,2023-11-11
CUST0091,CUST0057,151.71,2023-12-07
CUST0150,CUST0044,141.83,2023-07-13
CUST0078,CUST0187,1183.59,2023-12-19
CUST0075,CUST0032,143.54,2023-04-01
CUST0186,CUST0000,158.69,2023-12-26
CUST0146,CUST0100,712.31,2023-10-18
CUST0008,CUST0046,298.68,2023-11-05
CUST0081,CUST0156,749.64,2023-04-24
CUST0163,CUST0144,33.8,2023-02-23
CUST0127,CUST0036,334.3,2023-06-19
CUST0190,CUST0019,17.1,2023-05-02
CUST0088,CUST0081,32.35,2023-03-27
CUST0162,CUST0022,1184.56,2023-12-29
CUST0171,CUST0163,74.97,2023-06-21
CUST0114,CUST0002,380.09,2023-05-16
CUST0053,CUST0063,264.75,2023-12-21
CUST0017,CUST0089,213.35,2023-05-12
CUST0027,CUST0184,1150.46,2023-01-01
CUST0012,CUST0098,11.03,2023-08-13
CUST0187,CUST0107,545.01,2023-03-27
CUST0105,CUST0126,1653.78,2023-07-13
CUST0089,CUST0139,410.68,2023-07-12
CUST0025,CUST0122,1380.9,2023-10-23
CUST0166,CUST0194,26.84,2023-12-18
CUST0057,CUST0041,271.32,2023-08-20
CUST0018,CUST0008,150.66,2023-05-31
CUST0005,CUST0081,656.19,2023-05-14
CUST0026,CUST0018,1989.54,2023-06-25
CUST0043,CUST0096,148.21,2023-03-24
CUST0187,CUST0019,530.91,2023-10-08
CUST0023,CUST0086,110.38,2023-11-01
CUST0157,CUST0123,416.58,2023-12-27
CUST0007,CUST0110,311.75,2023-12-01
CUST0042,CUST0155,1787.87,2023-08-11
CUST0040,CUST0013,468.92,2023-02-21
CUST0084,CUST0052,215.01,2023-04-08
CUST0104,CUST0178,60.57,2023-10-11
CUST0184,CUST0186,81.99,2023-10-04
CUST0067,CUST0169,127.65,2023-05-25
CUST0076,CUST0060,144.49,2023-02-19
CUST0012,CUST0100,950.62,2023-10-20
CUST0140,CUST0125,411.88,2023-03-20
CUST0013,CUST0092,370.53,2023-01-02
CUST0109,CUST0022,60.95,2023-05-31
CUST0169,CUST0160,983.56,2023-11-04
CUST0122,CUST0051,641.53,2023-02-19
CUST0006,CUST0052,35.03,2023-03-29
CUST0163,CUST0074,615.22,2023-02-11
CUST0121,CUST0029,392.13,2023-06-07
CUST0101,CUST0120,42.63,2023-09-08
CUST0169,CUST0067,306.52,2023-02-16
CUST0164,CUST0139,331.5,2023-07-18
CUST0047,CUST0094,90.63,2023-07-15
CUST0094,CUST0047,1456.6,2023-08-17
CUST0011,CUST0067,948.48,2023-08-14
CUST0119,CUST0067,552.85,2023-04-26
CUST0068,CUST0144,310.22,2023-02-01
CUST0038,CUST0192,265.31,2023-12-23
CUST0170,CUST0024,526.3,2023-02-13
CUST0171,CUST0088,394.2,2023-10-05
CUST0105,CUST0193,32.15,2023-10-29
CUST0058,CUST0141,359.24,2023-02-01
CUST0099,CUST0133,820.99,2023-08-03
CUST0137,CUST0175,307.39,2023-09-01
CUST0146,CUST0060,26.68,2023-09-01
CUST0076,CUST0020,771.54,2023-07-22
CUST0182,CUST0008,112.42,2023-09-15
CUST0146,CUST0132,149.62,2023-10-20
CUST0173,CUST0158,89.99,2023-03-17
CUST0030,CUST0193,200.4,2023-08-18
CUST0044,CUST0042,706.84,2023-04-19
CUST0049,CUST0032,366.35,2023-01-22
CUST0108,CUST0020,114.63,2023-12-16
CUST0111,CUST0051,1051.17,2023-11-18
CUST0037,CUST0152,1058.39,2023-05-13
CUST0081,CUST0186,1022.34,2023-02-04
CUST0022,CUST0099,136.43,2023-10-12
CUST0101,CUST0141,300.05,2023-06-16
CUST0070,CUST0133,2099.51,2023-08-23
CUST0003,CUST0179,739.23,2023-11-16
CUST0150,CUST0133,13.77,2023-08-03
CUST0028,CUST0106,33.71,2023-03-18
CUST0037,CUST0145,311.75,2023-10-29
CUST0149,CUST0194,1199.66,2023-02-21
CUST0027,CUST0144,386.86,2023-02-21
CUST0073,CUST0137,344.39,2023-06-26
CUST0105,CUST0067,55.73,2023-07-16
CUST0167,CUST0124,534.69,2023-10-20
CUST0155,CUST0121,863.28,2023-01-20
CUST0044,CUST0070,239.36,2023-07-26
CUST0036,CUST0158,747.19,2023-11-08
CUST0174,CUST0177,1668.78,2023-07-25
CUST0009,CUST0101,113.93,2023-06-19
CUST0176,CUST0060,370.47,2023-01-26
CUST0190,CUST0121,169.23,2023-05-18
CUST0095,CUST0005,787.17,2023-06-22
CUST0077,CUST0079,430.89,2023-05-24
CUST0125,CUST0178,503.36,2023-12-17
CUST0025,CUST0058,799.53,2023-03-10
CUST0076,CUST0190,252.07,2023-08-15
CUST0198,CUST0082,1233.08,2023-05-18
CUST0186,CUST0106,380.74,2023-11-06
CUST0165,CUST0022,85.96,2023-04-07
CUST0113,CUST0054,595.2,2023-07-28
CUST0189,CUST0124,788.15,2023-09-22
CUST0095,CUST0014,190.46,2023-09-21
CUST0040,CUST0016,973.08,2023-06-09
CUST0181,CUST0129,1182.99,2023-07-26
CUST0034,CUST0199,162.11,2023-09-26
CUST0145,CUST0007,2052.85,2023-03-30
CUST0049,CUST0051,75.83,2023-01-30
CUST0063,CUST0008,112.83,2023-08-22
CUST0012,CUST0092,101.81,2023-12-27
CUST0050,CUST0070,1122.11,2023-07-08
CUST0118,CUST0129,531.08,2023-07-23
CUST0162,CUST0031,82.5,2023-12-15
CUST0007,CUST0061,290.2,2023-07-10
CUST0125,CUST0152,477.64,2023-08-17
CUST0045,CUST0121,43.58,2023-10-28
CUST0141,CUST0089,1070.3,2023-06-26
CUST0041,CUST0066,813.81,2023-12-19
CUST0023,CUST0072,351.81,2023-01-15
CUST0098,CUST0012,1707.55,2023-03-25
CUST0146,CUST0199,270.44,2023-04-20
CUST0056,CUST0165,2071.04,2023-04-26
CUST0173,CUST0052,551.19,2023-05-18
CUST0166,CUST0104,503.48,2023-09-20
CUST0005,CUST0199,90.73,2023-12-16
CUST0002,CUST0121,1068.23,2023-03-09
CUST0165,CUST0044,278.86,2023-11-04
CUST0002,CUST0057,88.51,2023-05-10
CUST0155,CUST0078,6.34,2023-12-31
CUST0181,CUST0164,410.21,2023-05-21
CUST0108,CUST0096,374.75,2023-06-28
CUST0117,CUST0064,635.33,2023-04-22
CUST0119,CUST0077,1104.81,2023-12-13
CUST0133,CUST0159,41.37,2023-07-23
CUST0149,CUST0026,657.45,2023-01-04
CUST0130,CUST0169,103.77,2023-07-11
CUST0143,CUST0165,976.59,2023-11-01
CUST0155,CUST0072,854.8,2023-06-02
CUST0175,CUST0027,389.13,2023-09-04
CUST0016,CUST0086,619.36,2023-05-22
CUST0163,CUST0083,188.69,2023-05-22
CUST0066,CUST0167,318.54,2023-12-31
CUST0166,CUST0076,861.97,2023-04-07
CUST0038,CUST0132,307.41,2023-05-04
CUST0014,CUST0153,221.43,2023-07-26
CUST0169,CUST0081,340.82,2023-12-15
CUST0035,CUST0184,880.86,2023-01-14
CUST0167,CUST0127,204.14,2023-06-01
CUST0066,CUST0107,95.44,2023-07-27
CUST0099,CUST0188,622.42,2023-01-19
CUST0149,CUST0181,874.29,2023-10-20
CUST0048,CUST0087,53.03,2024-01-01
CUST0056,CUST0175,137.14,2023-10-01
CUST0163,CUST0121,76.56,2023-12-10
CUST0091,CUST0129,213.81,2023-06-03
CUST0043,CUST0168,299.24,2023-10-13
CUST0046,CUST0075,690.81,2023-02-19
CUST0120,CUST0032,526.55,2023-05-13
CUST0185,CUST0143,485.02,2023-04-04
CUST0174,CUST0085,217.22,2023-12-02
CUST0022,CUST0056,920.83,2023-07-01
CUST0057,CUST0190,318.65,2023-06-07
CUST0107,CUST0084,1934.12,2023-07-10
CUST0066,CUST0149,502.76,2023-05-31
CUST0118,CUST0030,67.49,2023-08-29
CUST0013,CUST0162,563.78,2023-10-26
CUST0148,CUST0158,196.6,2023-02-06
CUST0120,CUST0049,579.7,2023-09-14
CUST0030,CUST0174,36.09,2023-07-15
CUST0135,CUST0076,96.11,2023-07-31
CUST0013,CUST0038,968.06,2023-03-12
CUST0051,CUST0087,128.85,2023-07-29
CUST0145,CUST0117,907.13,2023-03-15
CUST0080,CUST0183,163.75,2023-04-03
CUST0199,CUST0020,514.84,2023-09-07
CUST0085,CUST0161,592.33,2023-04-01
CUST0080,CUST0162,359.39,2023-01-30
CUST0001,CUST0115,182.15,2023-05-21
CUST0053,CUST0194,119.54,2023-03-28
CUST0147,CUST0195,16.88,2023-03-23
CUST0125,CUST0195,181.16,2023-02-15
CUST0033,CUST0157,529.45,2023-08-11
CUST0162,CUST0109,1392.77,2023-07-26
CUST0109,CUST0122,1024.76,2023-07-16
CUST0001,CUST0009,726.36,2023-10-01
CUST0051,CUST0187,776.64,2023-07-11
CUST0003,CUST0082,546.79,2023-09-29
CUST0048,CUST0004,150.75,2023-12-13
CUST0001,CUST0160,1188.63,2023-05-08
CUST0057,CUST0177,555.44,2023-06-26
CUST0079,CUST0033,410.99,2023-02-22
CUST0098,CUST0128,58.82,2023-10-29
CUST0078,CUST0042,296.25,2023-02-03
CUST0011,CUST0076,308.42,2023-05-29
CUST0116,CUST0186,999.63,2023-09-24
CUST0152,CUST0134,395.54,2023-06-22
CUST0111,CUST0175,239.34,2023-03-10
CUST0087,CUST0125,1881.81,2023-07-03
CUST0192,CUST0048,58.67,2023-03-26
CUST0103,CUST0004,274.57,2023-04-27
CUST0057,CUST0186,21.47,2023-03-09
CUST0054,CUST0187,673.35,2023-01-12
CUST0150,CUST0129,1250.99,2023-03-28
CUST0031,CUST0093,164.28,2023-12-31
CUST0166,CUST0009,977.17,2023-07-12
CUST0163,CUST0065,172.81,2023-10-01
CUST0159,CUST0012,1208.27,2023-11-01
CUST0012,CUST0169,701.13,2023-02-25
CUST0167,CUST0005,817.14,2023-01-25
CUST0176,CUST0029,9.09,2023-08-02
CUST0113,CUST0097,1645.86,2023-03-05
CUST0140,CUST0064,648.54,2023-08-31
CUST0179,CUST0039,181.74,2023-04-16
CUST0177,CUST0175,884.2,2023-11-19
CUST0002,CUST0077,165.31,2023-08-04
CUST0169,CUST0025,1030.82,2023-12-06
CUST0133,CUST0069,59.72,2023-11-15
CUST0155,CUST0179,608.17,2023-03-12
CUST0107,CUST0026,389.02,2023-09-19
CUST0184,CUST0158,50.76,2023-03-02
CUST0072,CUST0029,138.47,2023-02-24
CUST0127,CUST0050,6.24,2023-11-08
CUST0051,CUST0199,316.28,2023-05-15
CUST0133,CUST0051,179.24,2023-07-03
CUST0180,CUST0104,456.1,2023-06-01
CUST0041,CUST0010,176.37,2023-10-08
CUST0127,CUST0053,178.28,2023-12-19
CUST0123,CUST0084,679.72,2023-05-01
CUST0000,CUST0003,24.67,2023-12-10
CUST0022,CUST0028,1165.98,2023-10-21
CUST0171,CUST0126,956.16,2023-03-18
CUST0023,CUST0199,551.02,2023-09-19
CUST0019,CUST0185,449.74,2023-02-21
CUST0065,CUST0164,1114.21,2023-04-29
CUST0116,CUST0075,102.49,2023-05-16
CUST0118,CUST0012,41.13,2023-02-21
CUST0044,CUST0010,136.9,2023-05-29
CUST0092,CUST0173,791.35,2023-06-10
CUST0109,CUST0189,17.64,2023-03-01
CUST0024,CUST0194,437.1,2023-01-24
CUST0002,CUST0035,2694.94,2023-12-06
CUST0165,CUST0043,967.92,2023-06-18
CUST0091,CUST0112,368.49,2023-11-15
CUST0068,CUST0187,32.88,2023-02-17
CUST0095,CUST0087,890.03,2023-04-04
CUST0029,CUST0102,456.87,2023-07-24
CUST0116,CUST0069,61.05,2023-07-17
CUST0176,CUST0122,49.28,2023-08-04
CUST0166,CUST0042,1201.9,2023-02-27
CUST0033,CUST0178,553.12,2023-01-31
CUST0040,CUST0026,883.89,2023-08-02
CUST0151,CUST0123,1055.9,2023-10-19
CUST0173,CUST0112,424.05,2023-04-03
CUST0156,CUST0097,364.33,2023-07-03
CUST0156,CUST0007,281.43,2023-12-17
CUST0186,CUST0033,190.59,2023-09-05
CUST0124,CUST0028,285.11,2023-07-30
CUST0112,CUST0011,743.34,2023-02-02
CUST0066,CUST0167,460.56,2023-06-10
CUST0003,CUST0180,1115.24,2023-12-14
CUST0134,CUST0196,292.94,2023-10-23
CUST0185,CUST0144,467.09,2023-04-25
CUST0171,CUST0086,498.9,2023-09-23
CUST0133,CUST0176,447.87,2023-12-25
CUST0158,CUST0024,606.4,2023-08-10
CUST0169,CUST0186,135.53,2023-05-08
CUST0123,CUST0088,359.09,2023-12-06
CUST0173,CUST0164,55.03,2023-07-17
CUST0038,CUST0142,242.67,2023-11-10
CUST0013,CUST0002,334.39,2023-11-26
CUST0040,CUST0129,528.1,2023-08-29
CUST0126,CUST0042,1503.21,2023-02-08
CUST0192,CUST0125,458.96,2023-06-14
CUST0061,CUST0084,680.5,2023-05-23
CUST0012,CUST0129,352.88,2023-04-25
CUST0140,CUST0164,502.7,2023-07-13
CUST0103,CUST0060,36.79,2023-02-10
CUST0117,CUST0113,146.78,2023-10-21
CUST0114,CUST0022,224.59,2023-09-13
CUST0114,CUST0080,319.8,2023-03-02
CUST0127,CUST0190,23.36,2023-12-01
CUST0004,CUST0026,75.43,2023-07-26
CUST0105,CUST0009,162.04,2023-10-13
CUST0140,CUST0000,1779.5,2023-02-16
CUST0154,CUST0158,201.25,2023-11-23
CUST0077,CUST0130,328.93,2023-10-15
CUST0052,CUST0167,109.14,2023-12-10
CUST0116,CUST0087,471.81,2023-07-06
CUST0013,CUST0057,164.73,2023-08-21
CUST0084,CUST0143,115.96,2023-11-14
CUST0153,CUST0121,363.43,2023-12-03
CUST0093,CUST0183,2.76,2023-08-20
CUST0029,CUST0024,3.85,2023-12-04
CUST0056,CUST0000,123.63,2023-06-24
CUST0090,CUST0162,18.71,2023-05-30
CUST0140,CUST0133,57.16,2023-07-11
CUST0179,CUST0027,206.9,2023-01-24
CUST0042,CUST0126,811.23,2023-03-13
CUST0183,CUST0190,424.37,2023-07-29
CUST0027,CUST0065,359.4,2023-11-09
CUST0050,CUST0048,173.71,2023-03-03
CUST0100,CUST0055,1342.32,2023-08-23
CUST0048,CUST0183,252.93,2023-06-23
CUST0027,CUST0193,45.56,2023-08-01
CUST0011,CUST0162,479.95,2023-12-11
CUST0150,CUST0031,60.43,2023-08-19
CUST0117,CUST0168,211.73,2023-10-29
CUST0129,CUST0034,354.04,2023-09-13
CUST0001,CUST0135,1036.62,2023-01-25
CUST0141,CUST0110,340.16,2023-10-27
CUST0123,CUST0130,605.77,2023-04-01
CUST0177,CUST0148,2468.01,2023-03-30
CUST0187,CUST0032,70.49,2023-02-23
CUST0099,CUST0168,160.61,2023-11-04
CUST0155,CUST0082,250.91,2023-09-16
CUST0098,CUST0107,273.94,2023-11-08
CUST0177,CUST0195,264.68,2023-05-08
CUST0070,CUST0101,1190.87,2023-06-25
CUST0075,CUST0115,625.94,2023-03-10
CUST0035,CUST0105,468.13,2023-11-05
CUST0179,CUST0191,185.08,2023-09-20
CUST0076,CUST0179,868.04,2023-10-08
CUST0080,CUST0182,1551.22,2023-10-11
CUST0161,CUST0055,860.74,2023-04-13
CUST0053,CUST0159,0.78,2024-01-01
CUST0074,CUST0175,505.85,2023-06-26
CUST0172,CUST0033,26.24,2023-12-30
CUST0166,CUST0045,148.94,2023-09-15
CUST0138,CUST0177,30.68,2023-11-23
CUST0082,CUST0181,462.91,2023-03-01
CUST0194,CUST0090,580.12,2023-10-15
CUST0122,CUST0149,60.79,2023-10-20
CUST0170,CUST0181,242.12,2023-08-02
CUST0172,CUST0191,304.62,2023-10-01
CUST0073,CUST0108,230.27,2023-01-07
CUST0133,CUST0027,64.5,2023-01-13
CUST0097,CUST0037,271.46,2023-01-28
CUST0171,CUST0014,695.51,2023-04-13
CUST0068,CUST0192,36.83,2023-03-24
CUST0073,CUST0174,41.79,2023-05-09
CUST0037,CUST0015,219.08,2023-12-20
CUST0075,CUST0052,1421.3,2023-10-05
CUST0008,CUST0091,552.17,2023-08-20
CUST0026,CUST0157,567.64,2023-12-12
CUST0189,CUST0143,224.65,2023-04-25
CUST0190,CUST0165,450.28,2023-10-15
CUST0099,CUST0060,5.09,2023-09-19
CUST0178,CUST0073,505.43,2023-12-21
CUST0170,CUST0012,1222.58,2023-07-15
CUST0099,CUST0106,474.11,2023-12-17
CUST0080,CUST0141,1034.54,2023-01-28
CUST0003,CUST0190,643.63,2023-05-09
CUST0051,CUST0158,64.23,2023-08-15
CUST0057,CUST0162,1163.71,2023-12-27
CUST0181,CUST0165,34.38,2023-07-08
CUST0193,CUST0150,381.75,2023-10-07
CUST0189,CUST0154,76.66,2023-04-11
CUST0198,CUST0185,5.89,2023-04-10
CUST0075,CUST0114,274.12,2023-04-01
CUST0174,CUST0019,174.81,2023-04-06
CUST0044,CUST0188,332.77,2023-09-21
CUST0030,CUST0096,430.43,2023-01-21
CUST0109,CUST0071,22.36,2023-10-12
CUST0067,CUST0033,65.63,2023-03-24
CUST0149,CUST0065,408.95,2023-01-03
CUST0084,CUST0119,210.16,2023-12-30
CUST0039,CUST0010,653.14,2023-03-20
CUST0082,CUST0152,528.2,2023-01-27
CUST0198,CUST0160,934.12,2023-11-12
CUST0169,CUST0077,589.63,2023-09-09
CUST0146,CUST0140,281.0,2023-07-03
CUST0018,CUST0181,558.85,2023-06-12
CUST0134,CUST0056,161.05,2023-04-05
CUST0133,CUST0017,182.87,2023-09-16
CUST0040,CUST0106,777.91,2023-10-06
CUST0137,CUST0103,295.67,2023-02-17
CUST0089,CUST0056,800.69,2023-04-20
CUST0169,CUST0084,864.17,2023-06-19
CUST0092,CUST0075,974.43,2023-04-22
CUST0192,CUST0158,1242.26,2023-09-29
CUST0121,CUST0143,281.92,2023-11-29
CUST0002,CUST0029,192.0,2023-12-09
CUST0088,CUST0114,436.37,2023-05-04
CUST0164,CUST0157,231.95,2023-11-15
CUST0062,CUST0010,459.49,2023-12-16
CUST0082,CUST0097,611.38,2023-02-28
CUST0098,CUST0065,583.03,2023-10-04
CUST0185,CUST0072,234.64,2023-01-13
CUST0132,CUST0197,91.28,2023-07-11
CUST0131,CUST0130,281.52,2023-08-17
CUST0124,CUST0011,76.92,2023-06-01
CUST0166,CUST0049,1104.08,2023-06-14
CUST0131,CUST0021,212.23,2023-02-19
CUST0042,CUST0197,83.89,2023-10-03
CUST0136,CUST0001,12.89,2023-11-17
CUST0016,CUST0053,518.98,2023-12-10
CUST0161,CUST0198,506.54,2023-04-20
CUST0175,CUST0108,208.22,2023-02-23
CUST0052,CUST0137,37.21,2023-12-26
CUST0189,CUST0198,263.5,2023-08-11
CUST0165,CUST0018,186.41,2023-12-18
CUST0039,CUST0006,565.24,2023-08-24
CUST0183,CUST0084,465.42,2023-01-20
CUST0022,CUST0018,226.75,2023-01-28
CUST0045,CUST0064,122.88,2023-10-13
CUST0018,CUST0147,2212.93,2023-04-27
CUST0066,CUST0104,302.57,2023-07-18
CUST0115,CUST0161,582.82,2023-07-27
CUST0110,CUST0080,75.73,2023-01-09
CUST0099,CUST0172,332.37,2023-03-02
CUST0136,CUST0001,13.96,2023-11-25
CUST0184,CUST0158,352.06,2023-02-02
CUST0193,CUST0190,1662.36,2023-10-27
CUST0011,CUST0179,242.42,2023-02-07
CUST0091,CUST0128,19.89,2023-02-24
CUST0074,CUST0175,15.72,2023-06-04
CUST0155,CUST0022,245.5,2023-05-25
CUST0195,CUST0112,87.19,2023-07-15
CUST0101,CUST0169,11.81,2023-01-16
CUST0121,CUST0040,705.73,2023-10-01
CUST0056,CUST0034,306.73,2023-07-20
CUST0139,CUST0075,170.71,2023-11-21
CUST0036,CUST0076,1151.71,2023-12-13
CUST0186,CUST0165,61.73,2023-07-11
CUST0002,CUST0141,1560.86,2023-10-12
CUST0036,CUST0031,188.41,2023-01-22
CUST0001,CUST0146,1096.43,2023-11-02
CUST0100,CUST0137,461.84,2023-10-08
CUST0021,CUST0078,876.39,2023-04-18
CUST0191,CUST0189,2067.99,2023-06-26
CUST0054,CUST0105,170.12,2023-11-27
CUST0131,CUST0036,1623.84,2023-03-24
CUST0047,CUST0056,246.72,2023-11-12
CUST0064,CUST0049,243.48,2023-02-28
CUST0046,CUST0171,208.05,2023-10-18
CUST0013,CUST0192,389.8,2023-10-09
CUST0118,CUST0165,83.7,2023-10-09
CUST0018,CUST0074,403.39,2023-12-10
CUST0017,CUST0064,390.12,2023-02-20
CUST0050,CUST0185,717.54,2023-10-25
CUST0124,CUST0084,896.83,2023-07-02
CUST0032,CUST0171,290.3,2023-12-02
CUST0060,CUST0025,180.01,2023-05-26
CUST0158,CUST0017,150.1,2023-04-10
CUST0081,CUST0124,108.22,2023-08-19
CUST0084,CUST0157,29.69,2023-12-04
CUST0078,CUST0177,209.62,2023-10-27
CUST0039,CUST0144,157.53,2023-10-18
CUST0093,CUST0080,1696.87,2023-08-08
CUST0043,CUST0001,407.89,2023-06-10
CUST0063,CUST0056,213.3,2023-12-31
CUST0189,CUST0164,434.31,2023-08-12
CUST0070,CUST0092,74.94,2023-03-10
CUST0173,CUST0187,293.53,2023-06-19
CUST0122,CUST0118,492.06,2023-08-17
CUST0091,CUST0198,335.59,2023-06-06
CUST0124,CUST0141,256.9,2023-02-25
CUST0044,CUST0165,2545.52,2023-11-07
CUST0020,CUST0071,1061.45,2023-03-13
CUST0137,CUST0050,488.29,2023-05-15
CUST0187,CUST0160,421.26,2023-02-09
CUST0186,CUST0019,484.66,2023-01-10
CUST0129,CUST0161,112.39,2023-01-16
CUST0148,CUST0103,251.38,2023-10-30
CUST0054,CUST0009,20.13,2023-10-10
CUST0066,CUST0139,322.7,2023-10-04
CUST0120,CUST0167,391.56,2023-03-18
CUST0093,CUST0100,129.22,2023-04-25
CUST0197,CUST0150,1662.52,2023-05-29
CUST0034,CUST0118,1200.95,2023-09-14
CUST0130,CUST0023,640.32,2023-07-23
CUST0093,CUST0128,381.13,2023-01-06
CUST0169,CUST0061,1019.99,2023-11-11
CUST0175,CUST0042,70.01,2023-09-21
CUST0035,CUST0114,781.54,2023-03-23
CUST0045,CUST0144,66.66,2023-10-17
CUST0168,CUST0037,790.45,2023-09-05
CUST0091,CUST0010,161.32,2023-04-23
CUST0194,CUST0124,1048.15,2023-04-29
CUST0016,CUST0067,1441.58,2023-07-09
CUST0059,CUST0010,80.55,2023-12-09
CUST0052,CUST0132,310.58,2023-07-04
CUST0099,CUST0120,1981.33,2023-08-21
CUST0011,CUST0010,330.25,2023-11-29
CUST0082,CUST0026,995.89,2023-12-27
CUST0133,CUST0162,444.25,2023-05-21
CUST0189,CUST0067,235.27,2023-10-24
CUST0139,CUST0145,168.28,2023-03-31
CUST0096,CUST0167,113.59,2023-07-13
CUST0093,CUST0150,717.32,2023-12-01
CUST0019,CUST0132,244.32,2023-05-09
CUST0096,CUST0057,357.98,2023-09-22
CUST0103,CUST0090,338.96,2023-06-26
CUST0124,CUST0123,430.52,2023-11-06
CUST0001,CUST0128,1003.38,2023-03-13
CUST0112,CUST0042,1974.85,2023-04-28
CUST0019,CUST0131,261.77,2023-11-26
